Mixture,T cells CD8,T cells CD4,Fibroblast,Macrophage,B cell,Malignant,Mast,Dendritic,Myocyte,Endothelial,P-value,Correlation,RMSE
TCGA-BB-4224-01A,0,0,0,0.00222382323926189,0,0.990669056620368,0,0.00710712014037016,0,0,0,0.575811873169072,0.845308405173805
TCGA-H7-7774-01A,0.0114151984158302,0,0,0.00847578404751475,0,0.974665078503772,0.000605534716337506,0.00483840431654532,0,0,0,0.52438952748853,0.888417019383471
TCGA-CV-6943-01A,0.0244283680913747,0,0.0251692726712217,0.070745001692281,0.0059074102006283,0.846406196782511,0.000336925684902136,0.00182481629695187,0,0.0251820085801292,0,0.566474306443522,0.831883196754908
TCGA-CN-5374-01A,0,0.0727799792029288,0.0408764989404483,0.0246526288323914,0.00785232634170556,0.794967218341372,0,0.0197442370658824,0.00611649423319762,0.0330106170420735,0,0.328759382407156,0.993762906414825
TCGA-CQ-6227-01A,0.00639893535104804,0,0.130964151797673,0,0,0.804021169836375,0.000396931929095967,0,0.0480201037880384,0.0101987072977695,0,0.753463698308768,0.665772746314775
TCGA-CV-6959-01A,0,0,0.015469232247859,0.0177892482161459,0,0.904666417947648,0,0.000410191943595541,0.0481312668300331,0.0135336428147187,0,0.703586823003666,0.710818873712337
TCGA-F7-A61V-01A,0,0,0,0,0,0.975897359524759,0,0.0015085189470575,0.0225941215281831,0,0,0.685559425595768,0.733930217451516
TCGA-CV-7413-01A,0.00652494819607281,0,0.0245556755508895,0.0109278554956359,0,0.957824249763437,0,0.000167270993964744,0,0,0,0.726478075882041,0.688209857753255
TCGA-CV-7247-01A,0,0,0.04042086802052,0,0,0.868299585757949,0,5.55989584974208e-05,0.0709950565308063,0.020228890732227,0,0.649845061194496,0.761397907811366
TCGA-CR-5249-01A,0,0.0389359409574709,0.0291652204804633,0.0543186276909751,0.0163510071393646,0.790708673597592,0,0.0322930735439292,0,0.0382274565902051,0,0.31221894404337,1.00386491590913
TCGA-CQ-5331-01A,0.00444094833562289,0,0,0.0358385696626771,0,0.959574267151313,0,0.00014621485038665,0,0,0,0.76591755622394,0.642865893389599
TCGA-BB-8601-01A,0,0,0.00213485222757777,0,0.00136485749588827,0.989042522041543,0,0,0,0.00745776823499108,0,0.650091404759892,0.772504995056603
TCGA-CV-A45W-01A,0,0,0.122383400612325,0.117157550179407,0.118064949273304,0.557323417803491,0,0,0,0.0850706821314725,0,0.467618611550274,0.884540466370071
TCGA-CQ-7063-01A,0.00439644945535523,0,0.00347699929736458,0.0360520247241331,0,0.946854782546228,0,0.00921974397691867,0,0,0,0.738783984955515,0.674112584198411
TCGA-CN-5373-01A,0.002267970529967,0,0.0146050518041957,0.032767273764659,0,0.938402074161283,0,0.00720446115692473,0,0.00475316858297062,0,0.661500810048733,0.755134800622678
TCGA-CV-A45T-01A,0.00656280591496655,0.0008461085180918,0.00965081745227936,0.0205357722077573,0.0017568714722534,0.94048304141665,0,0.0029918245654103,0.011688738838209,0.00548401961438195,0,0.814842338609349,0.583032589786217
TCGA-HD-A4C1-01A,0.00541197507650553,0,0,0,0,0.994489585180516,9.84397429781864e-05,0,0,0,0,0.690377447772403,0.73073205058018
TCGA-CV-7438-11A,0,0.00361909232598671,0.00298768244431932,0.00573392329375288,0.00103974362761952,0.984570098960264,0,0.00132595149374529,0.000723507854312345,0,0,0.564382962765739,0.854686317057239
TCGA-CV-5444-01A,0.000530838490405116,0,0.165852950678024,0.0889949698142995,0,0.618627030538794,0,0,0.0867402186028618,0.0392539918756159,0,0.334615231565579,0.959204253256422
TCGA-BA-5556-01A,0.0221805137263581,0,0.00455009747544193,0.044619926304319,5.21667711605586e-05,0.908264538992597,0,0.00523254542135061,0,0.0151002113087726,0,0.636746795416837,0.776287185128249
TCGA-P3-A6SX-01A,0,0,0.00678208410325135,0,0,0.981201276589015,0,0,0.012016639307734,0,0,0.618186958352439,0.803131488266428
TCGA-CV-7242-11A,0,0,0.0655562253511666,0.0439681185161446,0,0.871883770410123,0,0,0,0.0185918857225662,0,0.34008653904248,1.0068724212789
TCGA-DQ-7592-01A,0,0,0.0151146162609986,0.00619740856906619,0,0.964379171579159,0,0.00158875681770177,0.00979646425853648,0.00292358251453762,0,0.62352809741875,0.795393860729287
TCGA-CV-6937-01A,0,0,0.0910127860581601,0.03052088779431,0,0.866847203053716,0,0.00293984801294782,0,0.0086792750808661,0,0.535088755065562,0.859917800381194
TCGA-QK-A8ZB-01A,0,0,0.0351073815975152,0,0.00963182655822369,0.945025711993038,0,0,0,0.0102350798512229,0,0.682557741093922,0.734394576851409
TCGA-CV-7432-01A,0.00651678952108808,0,0,0,0,0.993483210478912,0,0,0,0,0,0.77552466434721,0.631486141534737
TCGA-CV-7089-01A,0.00174250242328013,0,3.28532927760079e-05,0.00183776213212192,0,0.979017921812722,0.000116630166935617,0.00192080731381339,0,0.0153315228583511,0,0.603846240758773,0.816678939789191
TCGA-CV-6939-11A,0,0,0.110663777609029,0.0157492605436132,9.8580032584024e-05,0.00625473132536074,0,0,0.791160734223953,0.07607291626546,0,0.477332390056161,0.879108616849205
TCGA-BA-4075-01A,0,0,0.0293184143275666,0.010632631729076,0,0.948039949482915,3.15511189484094e-05,0.00247838093817496,0.00165436079453613,0.00784471160878301,0,0.769446242383864,0.638734815024625
TCGA-T3-A92M-01A,0,0,0.0643143110610358,0.0385292805384877,0.00356125554018695,0.876734276645972,0,0.00295976834585653,0,0.013901107868461,0,0.504936030147528,0.885616240880047
TCGA-BA-4078-01A,0,0,0.15483396616217,0.0495332880267079,0,0.735645890990098,0,0,0,0.0599868548210244,0,0.276784324950908,1.01348240971458
TCGA-CV-7100-01A,0,0,0.114069838183061,0.0523218104609888,0,0.735781006168472,0,0.0102362629776196,0,0.0875910822098582,0,0.354076657634909,0.966560399057793
TCGA-MZ-A7D7-01A,0,0,0,0,0,0.996333989814822,0,0.00258867708202405,0,0.00107733310315413,0,0.61215872552043,0.811598589912763
TCGA-QK-A652-01A,0,0,0.0171973183486682,0.00671575495161487,0,0.899149715142886,0,0.00415015586185613,0.0642626290851588,0.00852442660981648,0,0.776491169554131,0.632589385258364
TCGA-CV-6433-01A,0.0805942461320662,0,0.0353990061961796,0.159076952360517,0,0.651631819993027,0,0.0432836924919596,0,0.030014282826251,0,0.421700002918106,0.914709508206395
TCGA-CV-7416-01A,0,0,0.0669363411621524,0.0227633028136378,0,0.894200861561066,0,0,0,0.0160994944631441,0,0.466957531210858,0.918829569228834
TCGA-CV-A6JY-01A,0.00858870372399444,0,0,0,0,0.983832921452693,0,0.00757837482331255,0,0,0,0.759794678603184,0.650588055664231
TCGA-CR-7399-01A,0.0267326652317939,0,0.0661657614403341,0.176789729791228,0,0.674832502339859,0,0.0437716105420037,0,0.0117077306547809,0,0.342631622563429,0.964781923723084
TCGA-CV-7568-01A,0.00118272350622677,0,0.0437881877317311,0,0,0.933360282281458,0,0.00227526610113095,0.00947674312835863,0.0099167972510944,0,0.579470018112888,0.83184720295158
TCGA-KU-A66S-01A,0,0,0.234676735015083,0,0.000624592281430728,0.596105067056816,0,0.00535249987490151,0,0.163241105771769,0,0.301118820018219,0.974537486822045
TCGA-QK-A6VC-01A,0.0103971666307187,0,0.050309986823248,0.0434989132766362,0.00338261882766947,0.802770452794649,0,0.0441264624991465,0,0.0455143991479317,0,0.374207858440437,0.966326183551881
TCGA-CN-6998-01A,0.00920205583658422,0,0,0,0,0.987044178255735,0,0.00375376590768105,0,0,0,0.755333646754456,0.656072724118398
TCGA-CV-6941-01A,0,0,0.0524492604265826,0.0107619091104844,0,0.935367630424443,0,0.000314827272180484,0,0.0011063727663091,0,0.583780920851974,0.828327440727406
TCGA-CN-4727-01A,0,0,0.0941452109270558,0,0,0.845275173983275,0,0.00168965655528486,0,0.058889958534384,0,0.444756711624697,0.925970656932399
TCGA-BB-A5HY-01A,0,0,0.0625824594033183,0,0,0.92231671728838,0,0,0,0.015100823308302,0,0.533079967875072,0.870543637428548
TCGA-CV-7263-01A,0,0,0.0757398277646533,0.0414122515680271,0.0020041742348993,0.801783547715519,0,0,0.0525922498141822,0.0264679489027194,0,0.40767803078943,0.943605914098192
TCGA-H7-A76A-01A,0.00613097069413079,0.0387181429893492,0.121445959878994,0.14642625939591,0.00833834154429365,0.651456937891886,0,0.015338566162141,0,0.0121448214432954,0,0.419282760458496,0.915902211485395
TCGA-CN-4723-01A,0,0,0.101782247655318,0.0440443041387067,0.0205055581346166,0.798219922245466,0,0,0,0.0354479678258936,0,0.558788657189329,0.833649265823595
TCGA-CN-6997-01A,0,0,0.145453592312551,0.0128420524553259,0,0.775407062479399,0,0.00329729583996094,0,0.0629999969127633,0,0.34120719953542,0.982718944650852
TCGA-CN-5364-01A,0,0,0.0289880117421327,0.0305567962195703,0,0.898282397288734,0,0.00272908705520445,0.0127290769241091,0.0267146307702493,0,0.439753589372845,0.940635800894283
TCGA-CN-A63V-01A,0,0,0.0634561198860869,0.00434024967404263,0,0.927362264842281,0,0,0,0.00484136559758956,0,0.593414122090407,0.81845618673029
TCGA-CQ-5325-01A,0.0134400623870862,0,0.0125456444115868,0.0765990082121447,0.0124213336460836,0.822501803128593,0,0,0.0533201338133283,0.00917201440117755,0,0.718197087627154,0.697991041175449
TCGA-CR-7386-01A,0.00245607511184281,0,0.0706286153352913,0.0894882662943768,0,0.816903443088346,0.00043620816861789,0.00360893772579119,0,0.0164784542757337,0,0.486830674878189,0.890416772639778
TCGA-CX-A4AQ-01A,0,0.0344622896780838,0.256313661403504,0.0796390377816961,0.00111617024249127,0.448923751807354,0,0.0378321896381034,0,0.141712899448767,0,0.383709818040163,0.923491647812995
TCGA-QK-A64Z-01A,0.00160261904488181,0,0.00657143020537191,0,0,0.986148733402034,0,0.00101067019019252,0,0.00466654715751951,0,0.701080308897109,0.718216700307239
TCGA-BB-4225-01A,0.0139572345382794,0.0255786367218935,0.0585838366656258,0.0651967310920858,0.028125680272504,0.704589348907772,0,0.0653784077523705,0,0.0385901240494692,0,0.296362680997695,0.994172644134166
TCGA-CV-7183-11A,0,0,0,0.00412924139538658,0,0.975796009043757,0,0.00946730508637566,0,0.0106074444744811,0,0.190359073146187,1.14474133103479
TCGA-T2-A6WZ-01A,0.000582201132801568,0,0.0126726980015749,0.0024480749788228,0.00450385968085592,0.972680377820625,0,0,0,0.00711278838531942,0,0.86390509433034,0.511024636287948
TCGA-HD-8314-01A,0,0,0.190725552154237,0.16461547860392,0,0.347095799572975,0,0,0.23304241564785,0.0645207540210176,0,0.298170055443777,0.956470059031064
TCGA-CR-6473-01A,0,0,0.0397539834267169,0,0,0.92575690078553,0,0.0120702965775946,0,0.0224188192101586,0,0.509361962669944,0.891019172212967
TCGA-CN-A642-01A,0.000860133388347387,0,0.0494250838793441,0.0559969279911529,0,0.847748780817923,0,0,0.0179221565160247,0.0280469174072081,0,0.696697596544293,0.71743442787983
TCGA-BB-A6UO-01A,0.000882053164195378,0,0.00524104268206041,0,0,0.990722192785169,0,0.000831869474946267,0,0.00232284189362846,0,0.821272335418285,0.57126558948958
TCGA-DQ-7591-01A,0,0.134578317278909,0.0884690340532639,0.123085248464396,0.00242583240051212,0.374123650177402,0,0.134782296460938,0,0.142535621164579,0,0.180983567632933,0.997478577527828
TCGA-CR-7398-01A,0,0.0104054021182168,0.12260585766474,0.0328134381856219,0,0.80967347910362,0,0.0014963350209269,0,0.0230054879068746,0,0.300620649339698,1.01663067227977
TCGA-HD-8634-01A,0.00861753808105882,0,0,0,0,0.988414228150843,0,0.00296823376809858,0,0,0,0.718212158365801,0.699336963214534
TCGA-CR-7372-01A,0,0,0.0103329793055534,6.29313077200982e-05,0,0.980360020542309,0.000276901895044348,0,0.00247727350600411,0.00648989344336956,0,0.715858376450687,0.701386422892995
TCGA-HD-8224-01A,0,0,0.169348396838868,0.0435710277024065,0,0.271985903992367,0,0,0.47916212209115,0.0359325493752084,0,0.326520584086961,0.947147564246369
TCGA-BA-4074-01A,0,0,0.177951859913418,0.0143961127136423,0,0.791123140283232,0,0.00201541152028271,0,0.0145134755694253,0,0.397650041618517,0.949031613191887
TCGA-CV-6961-11A,0.00562012255000854,0,0,0,0,0.971979913233436,0,0.00444612380458169,0.0179538404119741,0,0,0.651466726028456,0.768744386320824
TCGA-BB-A5HZ-01A,0,0,0.0120791043155266,0,0.000140149554470319,0.977863000101795,0,0.00169455355088804,0,0.00822319247731975,0,0.666392564504355,0.754288914211727
TCGA-CQ-5332-01A,0,0,0.0499068150588336,0.0144101674444502,0,0.901776160178963,0,0,0,0.0339068573177536,0,0.550953450994741,0.851932956966951
TCGA-CR-7380-01A,0,0,0.0351182062526289,0.00901761640703019,5.37552246624245e-05,0.951901472348787,0.000987187109848627,0,0,0.00292176265704292,0,0.63605356760994,0.781609697008651
TCGA-CV-6936-01A,0.00530779380317242,0,0.00776320226038631,0.0208694034712823,0.00265325931789198,0.947721388186977,0,0.00419900786639124,0,0.0114859450938986,0,0.463198680563134,0.933781117454052
TCGA-MZ-A6I9-01A,0,0,0.026927664186659,0,0.033467635004557,0.789927310739463,0,0.015191799484195,0,0.134485590585126,0,0.29880515048767,1.01319666856157
TCGA-QK-AA3J-01A,0,0,0.0186621792605545,0,4.65763435904494e-05,0.914357708183345,0,0.00701824277361965,0,0.0599152934388904,0,0.415450298789161,0.963155235642906
TCGA-BA-4077-01B,0,0,0.0447766553470055,0.0618756003806246,0,0.873039590489463,0,0.00665260598487711,0,0.0136555477980302,0,0.626540853107046,0.782879382579649
TCGA-CQ-A4C7-01A,0,0,0.0806122815514732,0.00715732956860629,0,0.882684038340642,0,0.000605765598249106,0.00654382300276675,0.0223967619382626,0,0.482018836326314,0.904744762012378
TCGA-CV-7422-01A,0,0,0.0477736614451061,0.00869674543395393,0,0.905467793440902,0,0.00868646316662608,0,0.029375336513412,0,0.443476774408919,0.939440105161558
TCGA-CQ-A4CB-01A,0,0,0.0563000533393988,0.0228138731707288,0,0.890159904640791,0,0.00321711426301482,0,0.027509054586067,0,0.567677685183841,0.836014446673656
TCGA-F7-7848-01A,0,0,0.0815714268362227,0.059138555406304,0.00716009896295904,0.792532185414213,0,0,0,0.0595977333803011,0,0.472525735102854,0.897125019605304
TCGA-CR-7392-01A,0.00452404365928492,0,0.0464640103379943,0.048434229926419,0.021813749474955,0.858855640183802,0.000207323227294533,0,0,0.0197010031902502,0,0.615797710839303,0.791322698963612
TCGA-CV-7178-11A,0,0,0.191957515665045,0.029142780038779,0,0.720811491751136,0,0.00449814460732684,0,0.0535900679377128,0,0.485336184521002,0.880311021212606
TCGA-QK-A6VB-01A,0,0,0.0158561340550518,0,0,0.984143865944948,0,0,0,0,0,0.580413029401569,0.839774357743273
TCGA-CX-7082-01A,0,0,0.0200630972158285,0.0180828959590091,0,0.923362669658537,0,0.00456387598493206,0.0239236708565444,0.0100037903251491,0,0.425410201771749,0.95753458607203
TCGA-CV-7414-01A,0,0,0.0743735730130347,0,0,0.877366869501104,0,0.00343312850827694,0.0063470505559964,0.0384793784215875,0,0.265087172097033,1.05931250038154
TCGA-CN-A63W-01A,0.00051061193692156,0,0,0,0,0.999489388063078,0,0,0,0,0,0.821385938537752,0.570787884044146
TCGA-BA-5557-01A,0,0.00461684569376212,0.0176820431794402,0.021709700026048,0,0.949657621431152,0,0.00341169236573933,0,0.00292209730385827,0,0.663197391544267,0.754484606498116
TCGA-CV-7435-01A,0,0,0.147956801972961,0.0432553319613747,0.00586210209192216,0.78298284864826,0,0,0.00253221214081406,0.0174107031846681,0,0.282873662051369,1.02117839395014
TCGA-UF-A7JT-01A,0.00112663024536255,0,0.0218227028771229,0.0764341557345089,0.000131485316927286,0.88451196645848,0,0,0,0.015973059367598,0,0.739392946943616,0.673798451145651
TCGA-QK-A6IF-01A,0,0.144004662689296,0.107117287922178,0.0584270229937649,0.0170541097986395,0.63885441603078,0,0.0338443047659286,0,0.000698195799412583,0,0.429584512811353,0.907584069802669
TCGA-QK-A6IJ-01A,0,0,0,0.00880871367207237,0,0.991191286327928,0,0,0,0,0,0.842551166467601,0.54096914997827
TCGA-CV-7248-01A,0,0,0.109325434741243,0.0192534402091986,0.0287114338976217,0.777198829551107,0,0,0,0.0655108616008289,0,0.530405481362973,0.853402490310864
TCGA-CV-7101-11A,0,0,0.0442617131548235,0.00353122750386853,0,0.885463826575126,0,0.0200243191190798,0,0.0467189136471025,0,0.159541284281209,1.13007101825628
TCGA-H7-A6C4-11A,0.00378621599926661,0,0.0244646746522422,0.00666309026792876,0,0.32949944006687,0,0.00655590816748115,0.629030670846211,0,0,0.561815381830447,0.83145956235314
TCGA-CV-6942-01A,0.00785736542120616,0,0.0248230840036959,0.0405270176688279,0.00454347975635718,0.892394726916754,0,0,0,0.0298543262331592,0,0.856205025138498,0.535390247534462
TCGA-RS-A6TP-01A,0.00243345372114236,0,0,0.000459902897154077,0,0.995517983065878,0,0.0015886603158254,0,0,0,0.648215467858748,0.775335033920697
TCGA-CV-7091-11A,0,0,0.11953117942546,0.00757955432756987,0,0,0,0.000417528774108312,0.825107294919262,0.0473644425535993,0,0.495538171811203,0.869065618030136
TCGA-D6-A6EM-01A,0,0,0.0102578657676791,0.0508693871114749,4.07430208921802e-05,0.791310020751265,0,7.10291279980082e-05,0.142319319854968,0.00513163436572364,0,0.880357865659438,0.531378896812643
TCGA-CV-7101-01A,0,0,0.0287090503336515,0.0310602071556889,0.0127567855034498,0.902102755423914,0,0.00370038573753628,0,0.0216708158457595,0,0.573392180539145,0.832695405972462
TCGA-CR-7371-01A,0,0.00510192948555432,0.0353401506854623,0.0495243586162124,0,0.857980577126471,0,0.00204177704401198,0,0.0500112070422876,0,0.479612769058198,0.902179039205687
TCGA-CQ-5329-01A,0,0,0.0616579062336545,0.0607794168537139,0,0.871627809247374,0,0,0.00152012878959982,0.00441473887565812,0,0.679216086226993,0.734154525582977
TCGA-H7-8502-01A,0.00473964671309527,0,0.016978933907232,0,0,0.968523817483401,0,0.00309315735146954,0,0.00666444454480183,0,0.697626133704426,0.720406673684196
TCGA-CN-6989-01A,0,0,0.211614414183552,0.0994167272571789,0,0.607581303713438,1.52306338071971e-05,0.007748584655146,0.0153890284180203,0.0582347111388568,0,0.33382404786598,0.958724531450276
TCGA-CN-5360-01A,0.0107237428152523,0,0.103181940793867,0.131167816289206,0.00658355288207673,0.668566427317748,0,0.00164910569014433,0.025131846118789,0.052995568092917,0,0.442721528587929,0.90327299333434
TCGA-CV-7097-11A,0,0.0110306532591698,0.326053508034841,0.0780518314490307,0.00384772241827586,0.0673207276066371,0,0,0.465518549041802,0.0481770081902436,0,0.502281596566262,0.878059801409674
TCGA-CV-7429-01A,0,0,0.34180671688947,0.0581244714651697,0,0.4550155508392,0,0,0.00413414941120502,0.140919111394955,0,0.243878822872958,0.984691511987049
TCGA-H7-A6C4-01A,0.0028280674148399,0,0.000817979876776986,0,0.000520970906324639,0.941776037393757,0.00032948407842503,0.00250182554854409,0.0506955145278375,0.000530120253494783,0,0.770067040410973,0.638123292935789
TCGA-BA-5153-01A,0.0256084958782611,0.0110656542617847,0.0282206165852593,0.0370781522567497,0.00985717622178351,0.799495593333286,0,0.0315595767987229,0,0.0571147346641526,0,0.257417997662187,1.04036027418253
TCGA-BB-8596-01A,0,0,0.295745650606796,0.0650915756682949,0,0.546725922400441,0,0.00817698085986576,0.00151694495837313,0.0827429255062296,0,0.261872923665161,0.987244552134388
TCGA-CR-7369-01A,0.0033079093138005,0,0.0131266309652462,0,0.00199695339067068,0.958578708111603,0.000368540093667367,0.0052024626442993,0,0.0174187954807127,0,0.639842399473144,0.778706590062649
TCGA-CQ-7071-01A,0.0114016516007413,0,0,0.0108347824080021,0,0.977763565991257,0,0,0,0,0,0.757885820790964,0.652711228651884
TCGA-BA-A6DB-01A,0.00546453809133416,0,0.0180743183927151,0.0278525364625844,0,0.814220061297965,0,0.00508348127907035,0.113966773116057,0.0153382913602739,0,0.712255122993162,0.704088226982532
TCGA-CV-A6K1-01A,0.00123146043895176,0,0,0,0,0.998768539561048,0,0,0,0,0,0.799730718704987,0.600292256473396
TCGA-MT-A51X-01A,0.00548302110175041,0,0.00674339078278788,0,0,0.982954939723745,0,0.00302963003866966,0.00178901835304705,0,0,0.787886349171471,0.615753062292893
TCGA-4P-AA8J-01A,0,0,0.144203749836286,0.0163019881087841,0.00134514459737975,0.796686655691853,0.000224869312533933,0,0.0272938478931165,0.0139437445600467,0,0.515348345940548,0.866353363418965
TCGA-CV-5439-01A,0.001071621647165,0,0,0.00588730039600211,0,0.981677731816558,0,0.00492444823554827,0,0.00643889790472657,0,0.721027773820314,0.695678648877329
TCGA-BA-A4IF-01A,0.00117796488281713,0,0.00294567137599095,0,0,0.995876363741192,0,0,0,0,0,0.667775045914627,0.755081563655673
TCGA-D6-A4Z9-01A,0.00829551291166726,0,0,0,0,0.991308471058407,0,0.000396016029925473,0,0,0,0.77056131815772,0.637628466416633
TCGA-CV-7437-01A,0,0,0.0291402470489367,0.00225443173402375,0,0.958751374960875,0,0.00206360683694312,0,0.00779033941922189,0,0.477780149369073,0.924551347758682
TCGA-CR-6484-01A,0.00395096920914289,0,0.0337575261581221,0.131416568534582,0.00549087821993385,0.811753650462238,0,0,0,0.0136304074159811,0,0.596110026024572,0.805303094998871
TCGA-CV-7245-01A,0.00869602951644471,0,0.0121052331211884,0,0,0.975066424310932,0.000419354065647368,0.00371295898578763,0,0,0,0.687709302853869,0.731572223916425
TCGA-CQ-5327-01A,0.00734537653333288,0,0.00663792056758597,0.0427356026012084,0,0.931868098907781,0,0.00411683614403445,0.00346270170641635,0.003833463539641,0,0.725259023136142,0.688698007298511
TCGA-DQ-7588-01A,0,0,0,0,0,1,0,0,0,0,0,0.793445606394562,0.608588439900623
TCGA-CR-7373-01A,0.00840508577379402,0,0.00505234073657989,0.0305395902456631,0.000556175444406952,0.946806429405132,0,0,0,0.00864037839442377,0,0.680897422313428,0.736248079973355
TCGA-CX-7085-01A,0.00491457125053969,0.00298774365184026,0.0568955415343345,0.0467314710659767,0.00903197603407211,0.844526816514022,0,0.00206681257301504,0.0160642231309341,0.0167808442452653,0,0.633599596489742,0.774865318174937
TCGA-F7-A50J-01A,0.00661230237583745,0,0,0,0,0.993387697624163,0,0,0,0,0,0.781810920411298,0.623541603854125
TCGA-CQ-6228-01A,0,0,0.0406800088661514,0.0056702106904723,0.000431081077510408,0.93822573844553,0,0.00415247343170202,0,0.0108404874886341,0,0.487702181330506,0.911591796117089
TCGA-CQ-6222-01A,0,0,0.0058585932012124,0.0459970123500783,0,0.755241102742962,0,0,0.192903291705747,0,0,0.684106922459182,0.732360137678985
TCGA-IQ-7630-01A,0,0,0.0259218842453879,0.00806672714589478,0,0.965155500020397,0,0.00085588858832006,0,0,0,0.650892108684701,0.768562953451441
TCGA-CV-7103-11A,0,0,0.0106010978227673,0.00538730748238077,0,0.924264753592589,0,0.00135974971174361,0.0489046493577384,0.00948244203278131,0,0.448662866649432,0.939622354649224
TCGA-D6-A6EP-01A,0,0.022151739692437,0.601237980633542,0.053858048315752,0,0.13248665331297,0,0,0,0.1902655780453,0,0.108057585596326,1.01548806306667
TCGA-CV-7250-11A,0,0,0.00852620097955166,0.0280756956326179,0,0.324066169914715,0,0.00603622298692113,0.616643087985599,0.0166526225005949,0,0.383776066820285,0.927200512648976
TCGA-D6-6825-01A,0.00684767964153536,0,0.00219340332075465,0.0611094876204904,0,0.918121651175297,0,0.00578031523198594,0.00127642529068179,0.00467103771925472,0,0.654584303529196,0.760245865449805
TCGA-CV-5432-01A,0.00716814169259633,0,0,0,5.40388815498584e-05,0.992336097103119,0.000441722322735089,0,0,0,0,0.760597968534003,0.649913086111036
TCGA-CN-6013-01A,0.00943567618423935,0,0,0.102486718050643,0.000218757261242795,0.883671941941531,0,0.00297845861697542,0,0.0012084479453684,0,0.62567228232343,0.784716903181186
TCGA-CV-6939-01A,0.00424326273614862,0,0.173304126223,0.0755976379092549,0,0.631758584366322,0,0.0312338574891633,0,0.0838625312761115,0,0.294727779333311,0.982515797659044
TCGA-CR-6477-01A,0,0.00394889702988189,0.0161156840729127,0.0136329337500023,0.000524657209753857,0.949631433060849,0.000257448677933044,0,0,0.0158889461986677,0,0.662418568504131,0.755276539590831
TCGA-WA-A7H4-01A,0,0,0.100887727730417,0.00636534918316124,0.000240110572579365,0.811761408581078,0,0,0.0585863475666751,0.0221590563660889,0,0.618266724588011,0.786665649839413
TCGA-CN-5358-01A,0.00277822075620953,0.00958685189280678,0.0912623182802186,0.100165062045278,0.00886727426830663,0.742204331697999,6.78470292620382e-05,0,0.00763190007998383,0.0374361939499352,0,0.440739571062794,0.912321418978796
TCGA-CR-7397-01A,0,0,0.1786379284747,0.0375710921838236,0,0.744086250901197,0.000103069857033073,0,0.000943032511327495,0.0386586260719193,0,0.280267761398213,1.01346150475161
TCGA-F7-A61W-01A,0,0,0,0,0,0.993515937811192,0,0.0025909039543701,0.00233093083143231,0.00156222740300567,0,0.709395110787165,0.709690466059091
TCGA-BA-5558-01A,0.00551167169634803,0,0,0.0145179341244907,0,0.979970394179161,0,0,0,0,0,0.741135987976439,0.672558339312725
TCGA-CV-5976-01A,0,0,0.0173973301523493,0,0,0.943328953781616,0,0,0.0361641258914781,0.00310959017455634,0,0.678845347769333,0.738021837718543
TCGA-CV-6954-01A,0,0,0.0146436410166565,0.0237873012122195,0,0.94848342746595,0,0.00532240766814903,0,0.00776322263702513,0,0.713160955310705,0.702375423329815
TCGA-CR-7395-01A,0.00745669228254447,0,0,0.0243765284601595,0.00126034365029624,0.965114688103487,0.000101752432952644,0.000843276316352445,0,0.000846718754207527,0,0.75735263099024,0.653075015565707
TCGA-CV-7411-01A,0.0102715452712385,0,0.00284678647238517,0,0,0.981095571165762,0,0.00578609709061434,0,0,0,0.744266410510476,0.66893953214023
TCGA-D6-A6EQ-01A,0.00647747414574349,0,0.0205987102416457,0.00506725029177581,0,0.966061960325314,0.000618813771788831,0,0,0.00117579122373209,0,0.830695305632854,0.559763738412579
TCGA-CV-7095-01A,0,0,0.00479779112606079,0.0038347617334355,0,0.986222946744956,0,0.00199899742811203,0.00314550296743614,0,0,0.692985904222891,0.72703383487192
TCGA-CV-A463-01A,0.00835094733366919,0,0,0,0,0.986772993546176,0,0.00487605912015463,0,0,0,0.773362036038113,0.634050758451616
TCGA-CN-4722-01A,0,0,0.0239411820424574,0,0.00270987725510634,0.966246975983287,0,0,0,0.00710196471914968,0,0.686199986576535,0.732382182035822
TCGA-QK-A8Z7-01A,0,0,0.0659664172285541,0.00175004670583905,0,0.893113543759276,0,0.00680996417832329,0,0.0323600281280072,0,0.488520992171044,0.901616734207156
TCGA-CV-6961-01A,0,0,0.0332585259100705,0.0275549634350041,0,0.820055630556766,7.74018730796948e-05,0,0.107915495285771,0.0111379829393091,0,0.610863482354546,0.793186227423821
TCGA-CN-5365-01A,0.00312271483578073,0,0,0.00522326904600103,0,0.991654016118218,0,0,0,0,0,0.809461559498712,0.587370135965169
TCGA-CR-5248-01A,0.081171376505642,0.0336039450150136,0.0242531649208829,0.378959635268418,0.0438450066927373,0.398477640076526,0,0.00891461851182531,0,0.0307746130089544,0,0.265652082247294,0.981347930136379
TCGA-CV-6962-01A,0,0,0.0323500337336969,0,0,0.884404340894578,0,0.00471399496480992,0,0.0785316304069153,0,0.467113508659268,0.916782059486074
TCGA-D6-6517-01A,0,0,0.00550780251563268,0.0143607157516299,0.00264672061834171,0.969626843530502,0,0,0,0.00785791758389369,0,0.721795799453386,0.694047184371193
TCGA-CR-6491-01A,0.00617801116147206,0,0,0,0,0.993821988838528,0,0,0,0,0,0.759348431634804,0.651495041889894
TCGA-CV-7242-01A,0,0.0106429930599239,0.0497999783948745,0.0526951970060332,0.0359924048597457,0.816320136418506,0,0.000894181111183173,0,0.0336551091497335,0,0.52598327933222,0.860732906346598
TCGA-CV-A45R-01A,0.00620985626304604,0,0.0199943899362629,0.00629116500104375,0,0.951086761517146,0,0.00183280939416244,0.0102479027106289,0.00433711517770967,0,0.739854622907494,0.672985751114963
TCGA-KU-A66T-01A,0,0,0,0,0,0.998291807478631,0,0.00170819252136895,0,0,0,0.690003173529519,0.7315789873309
TCGA-BB-4223-01A,0,0.0669686635046309,0.136187961004415,0.0734752647259734,0.0138130427657055,0.644213924434587,0,0.0291654780475952,0,0.0361756655170938,0,0.219267210279006,1.02336640136224
TCGA-CV-A468-01A,0.00684942463698895,0,0.0568983410780939,0.050660075027674,0.00323358399177614,0.847690637727638,0,0.000819756174877305,0.016506189766464,0.0173419915964877,0,0.566487084591361,0.831904813201055
TCGA-D6-6516-01A,0.0020373139218827,0,0,0.0130153223862484,3.45808313218863e-05,0.976921628330468,0.000468538687493249,0.00199473250174467,0,0.00552788334084129,0,0.728164653552235,0.687304677105072
TCGA-CQ-6219-01A,0.00389419983640672,0,0.0299878935899065,0.0702251214262272,0,0.89589278514746,0,0,0,0,0,0.748049205453601,0.66419522633961
TCGA-CR-6467-01A,0.0328403049564954,0.093826172721921,0.0792465872752662,0.106165753142904,0.0399862171401195,0.503853755964292,0,0.0795194319098323,0,0.06456177688917,0,0.210741284946167,1.00213623024331
TCGA-CN-A497-01A,0,0.0165949945424311,0.14936941387302,0.0368327295163119,0.00309014472195915,0.712798096717777,0,0,0,0.0813146206285016,0,0.348950334812417,0.965404865410818
TCGA-HD-A6I0-11A,0,0.0121975001394899,0.0465982997553041,0.00129533405804275,0,0.789374921783746,0.00022825133221661,0.00565130952535087,0.120336317235571,0.0243180661702787,0,0.794297327940738,0.627444467874945
TCGA-P3-A5QE-01A,0,0.0714168692044565,0.000549800445331127,0.0147095768105042,0,0.816780793118158,0,0.0766212543505213,0,0.019921706071029,0,0.33768533517333,0.993064537058388
TCGA-CV-7102-01A,0,0,0.0601371529933771,0.0391037019322062,0,0.844259537766406,0,0,0.0399702303761881,0.0165293769318224,0,0.619135517232878,0.787407292416462
TCGA-CV-5443-01A,0,0,0.147027699988821,0.130778758663639,0.0294119511523571,0.645862802909551,0,0.0123764144379263,0,0.0345423728477058,0,0.308785867141452,0.97835225234675
TCGA-CR-7377-01A,0.00506654482593521,0.000843528781059358,0.0865649039062675,0.0608811387604737,0.000101621327438505,0.778062485444372,0.000674047158737652,0,0.0258297480493027,0.0419759817464137,0,0.561460316916117,0.830151913490059
TCGA-CN-6016-01A,0,0,0.0955648349516651,0.0284711121350007,0,0.740032840600774,0,0,0.118673700889858,0.0172575114227023,0,0.29723127439286,1.00180453660834
TCGA-BA-A6DG-01A,0,0.00162923897197861,0.197296169303372,0.00962614385940914,0,0.746136889076997,0,0,0.0201803125568351,0.0251312462314079,0,0.528237860395189,0.852634186546526
TCGA-CQ-A4CD-01A,0,0,0.005693966015021,0.039049511088126,0,0.94970100862198,0,0,0,0.00555551427487251,0,0.783740664112654,0.62148054013714
TCGA-F7-A50G-01A,0.00529730918341081,0,0,0.0143726425550104,0,0.971334493793564,0,0.00460144027245808,0,0.00439411419555701,0,0.664909162394069,0.755036324698211
TCGA-T2-A6X2-01A,0.00468159385227013,0,0,0.0108021892855569,0,0.984441380444515,0,7.48364176581476e-05,0,0,0,0.762870349250749,0.646893036456317
TCGA-BA-5559-01A,0.0143037548282059,0.00103103486827763,0.145085850109105,0.367886202314413,0.00774905316297863,0.19861242962078,0,0.035562531952512,0.181153329924148,0.0486158132195799,0,0.2236323494913,0.984029189344403
TCGA-CN-6021-01A,0,0,0.00686446030983556,0,0.00902011420072533,0.929825693256939,0,0.00282747250607925,0,0.0514622597264209,0,0.419386910086483,0.964069521731438
TCGA-CN-6020-01A,0,0,0.0296692805891543,0.0178168986920391,0,0.92898748678295,0,0.00582945872219749,0,0.0176968752136589,0,0.593132374962239,0.818904408422895
TCGA-BA-A6DJ-01A,0.00607294867268322,0,0.00433552010180481,0.0150633915359601,0,0.969477508566665,0,0.00241532937057703,0,0.00263530175231011,0,0.788760958778761,0.614792278231181
TCGA-BA-A6D8-01A,0,0.00346086512902325,0.125314714569473,0.00589877951051874,0,0.830104289817074,0,0.000302101441421683,0,0.0349192495324897,0,0.555556251024654,0.839051821719725
TCGA-CR-7376-01A,0.0164551892118652,0,0.173890620238149,0.190885386698882,0.00397294843839763,0.563110791151923,0.000369382051745259,0.00286953903033339,0,0.0484461431787035,0,0.219785836641335,1.01184514581097
TCGA-HD-A633-01A,0,0,0.006188729642442,0,0,0.988926524510506,0,0.000797562578334263,0,0.0040871832687173,0,0.715913291637781,0.701995672552049
TCGA-BA-6871-01A,0.019341811773208,0,0.329783476910551,0.0441535419548636,0,0.396556109230752,0,0.0048042623601559,0,0.205360797770469,0,0.198608617537929,0.996380522375407
TCGA-CR-6488-01A,0,0.00371787729734451,0.0506163523464443,0.0152740156505096,0,0.89248126429857,0,0.000527567857293271,0.0218087422211492,0.0155741803286889,0,0.690954291562064,0.723203792954037
TCGA-CV-6959-11A,0,0.00229536050154965,0.0176539340155246,0.0114005071287629,0,0.688471689935875,0,0.00233650305418456,0.269885188841417,0.00795681652268587,0,0.498080703844063,0.870571610416815
TCGA-CR-7364-01A,0,0,0.0216181802788957,0.0167856814023778,0.00407210242761764,0.915488684759894,0,0.0116412904142061,0,0.0303940607170086,0,0.462156778506403,0.927079145222029
TCGA-CV-7421-01A,0,0,0.138497678597856,0,0,0.811953881492016,0.000184517574024651,0.00759221361996068,0,0.0417717087161431,0,0.679243461731216,0.734201577358633
TCGA-CQ-5323-01A,0.00868792472001179,0,0,0.00996666770284277,0.00266906984064746,0.97563985186882,0,0.00303648586767755,0,0,0,0.760164797650858,0.649927766500778
TCGA-UF-A718-01A,0.00691169470468672,0,0.0238110620223907,0.00466812944749572,0.00169255165532804,0.954506856851333,0,0,0,0.00840970531876589,0,0.735011246341938,0.678543658343147
TCGA-KU-A6H7-01A,0.0265269822928758,0,0.00134090399582427,0.050780220476754,0,0.886149843786902,0,0.0221427797479682,0,0.0130592696996762,0,0.546652254416358,0.853078373656245
TCGA-CN-5363-01A,0.00163029134502488,0,0.118081622941073,0.0617705294699752,0.00217157436028157,0.775247927824765,0,0,0.00602533770999329,0.0350727163488864,0,0.603233986816617,0.797843574932912
TCGA-CN-4730-01A,0,0,0,0,0,0.996228929120498,0,0.00109588675964013,0,0.00267518411986223,0,0.678553445301909,0.743695514550526
TCGA-CN-5370-01A,0,0,0.0935561116200631,0.110815578963174,0,0.75256358982186,0,0,0.0199970029959192,0.0230677165989836,0,0.446780750135138,0.909863378104614
TCGA-UF-A71D-01A,0,0,0,0,0,0.980639257075235,0,0.00438925844565202,0,0.0149714844791131,0,0.629091258891839,0.792385037773854
TCGA-UF-A71E-01A,0,0,0.00569606864285261,0,0.000161115916545884,0.988100626838892,0,0.00227447556363653,0,0.00376771303807269,0,0.675434061538301,0.746031688989612
TCGA-CV-7416-11A,0.00780139419347033,0,0,0,0,0.979382608968624,0,0.0089390160179316,0.00387698081997453,0,0,0.584041662938965,0.835382972803156
TCGA-CV-7104-01A,0.0029626928781434,0,0.0326575121349489,0.0232636668866051,0,0.873095129269958,0,0.0076781471143566,0.0571717361958636,0.00317111552012472,0,0.700741279956667,0.713326362240706
TCGA-CV-A45P-01A,0.00810681419012687,0,0,0,0,0.985741142903686,0,0.00615204290618704,0,0,0,0.770517615158705,0.637552239007155
TCGA-CV-7238-01A,0.00473883413011834,0,0.0184127957022916,0.00438269806656732,0,0.875315740496529,0,0,0.0863366303912651,0.0108133012132281,0,0.791383303274304,0.617762814831683
TCGA-CV-7099-01A,0.00644676274172294,0,0.00139182947834508,0.0148008153585702,0,0.972312981368463,0,0.00440644933908529,0,0.000641161713813637,0,0.738979115255425,0.674698097702726
TCGA-CV-A6JO-01B,0.00901575440426371,0,0.000939068509665357,0.022169482512865,0,0.961607401271724,0,0.00449030186046195,0,0.00177799144101999,0,0.749852875934009,0.661783692853622
TCGA-CV-5971-01A,0,0.0010128776398548,0.168260402538747,0.0394653053711583,0,0.101025322363543,0.00113871032340488,0,0.614307652585404,0.0747897291778876,0,0.4382441693874,0.899083360139463
TCGA-D6-A6EN-01A,0.0152033239892656,0,0.00293947353796644,0.0441828873662891,0,0.924493307224107,0,0.00121628538566659,0,0.0119647224967049,0,0.848180455112297,0.540562540620614
TCGA-CN-4729-01A,0,0,0.0157016814129081,0,0.00321656795083334,0.961846560826467,0.000504932575455979,0.000336493612568642,0,0.0183937636217668,0,0.686274217200063,0.731916634109096
TCGA-CV-6960-01A,0,0,0.0171787670462548,0,0,0.973612425202335,0,0,0,0.00920880775141038,0,0.489464726633413,0.918377389258435
TCGA-IQ-A61H-01A,0,0,0.0826050086649974,0.00222458794580965,0,0.859265118219745,0,0.000886762081640177,0.0296584971746865,0.0253600259131211,0,0.639361347173857,0.770461296660529
TCGA-CV-6956-01A,0,0,0.0112692569429155,0,0,0.962966415952822,0,0.00150768925202354,0.021609322619227,0.00264731523301198,0,0.72603366281867,0.688930014736691
TCGA-MT-A51W-01A,0.0042243859653075,0,0,0,0,0.993577722507321,0,0.00219789152737135,0,0,0,0.817721599328278,0.576067221052914
TCGA-CQ-6221-01A,0,0,0.653782271168779,0.135278960679828,0,0,0,0,0,0.210938768151393,0,0.11807030383126,1.01622063814765
TCGA-CV-7245-11A,0,0,0.269375201468653,0.0273540477071534,0,0.0107594037615759,0.00119503433418967,0,0.61424385399534,0.077072458733088,0,0.431455096927567,0.902120131739657
TCGA-CV-6953-01A,0.00858039835612942,0,0,0.0028427909349868,0.00778096005098937,0.980795850657894,0,0,0,0,0,0.702761074670693,0.715862623830153
TCGA-CV-5436-01A,0.00169349241140112,0,0.0376736153088741,0.00166937230881729,0.000194944577008127,0.94876066740723,0,0.00354748310143361,0,0.00646042488523569,0,0.711505796680014,0.704166811282083
TCGA-CN-4738-01A,0,0,0.00830300330973594,0.0248819616568001,0.00170889016544907,0.959613910233948,0.000207471719126675,0,0,0.00528476291494011,0,0.644780294169074,0.774001212041402
TCGA-BA-A6DA-01A,0.00667425036204145,0,0,0,0.000277492090545492,0.990365588695063,0,0.00268266885234973,0,0,0,0.743467055325311,0.670351738625673
TCGA-CR-6474-01A,0,0.00586060257485138,0.12567934949903,0.0233347349194886,0,0.791332095170668,0,0,0.014705681770476,0.039087536065486,0,0.361969477032694,0.972365466407107
TCGA-CQ-5334-01A,0.00762548840150571,0,0.0473311281010408,0.0573648454052886,0,0.862195643404387,0,0.00275248117525778,0,0.0227304135125206,0,0.540466663296559,0.854953991378175
TCGA-HD-8635-01A,0,0,0.020018320699262,0,0,0.860022433060064,0,0,0.119959246240674,0,0,0.65484901520586,0.75654591078109
TCGA-CQ-6225-01A,0,0,0,0,0,0.99808199054729,0,0.00191800945271042,0,0,0,0.641358200282314,0.782734690176924
TCGA-CV-7250-01A,0,0,0,0,0,0.988029188986415,0,0.00539670698107394,0,0.006574104032511,0,0.663402580806607,0.75863229319531
TCGA-F7-A623-01A,0.00294227517949061,0,0,0,0,0.992917518528817,0,0.00414020629169198,0,0,0,0.639551920405195,0.783753844578782
TCGA-CN-5355-01A,0,0,0.0435097898420258,0,0.0030053296417315,0.918499823455087,0,0.00106714787734036,0.00770901735789429,0.0262088918259208,0,0.582502590961318,0.826956145053849
TCGA-CV-6934-01A,0.00337878256472555,0,0.254124770237537,0.0707650799981879,0,0.606936220472615,0,0,0.0249131658350109,0.0398819808919242,0,0.326400420044629,0.962538194768401
TCGA-CN-5356-01A,0,0,0.0124414889600796,2.1752922530577e-05,0.00177029653870867,0.963807529492468,0,0,0,0.0219589320862127,0,0.648602021332445,0.770711014044751
TCGA-CV-7406-01A,0,0,0.225459792964952,0.00833444821411071,0,0.516517665168077,0,0,0.200834507149928,0.0488535865029324,0,0.251938536625143,0.987960095397856
TCGA-CV-6943-11A,0,0,0,0.00637036939515152,0,0.969528656299268,0,0.00579614507845667,0.0183048292271233,0,0,0.415381960277898,0.977758511743725
TCGA-CQ-5324-01A,0.00449869234636068,0,0.0220759541327113,0.000262317999831166,0,0.953917157700759,0,0.00505250211196086,0,0.0141933757083771,0,0.596607168590299,0.819391937434288
TCGA-CQ-5333-01A,0,0,0.0242593636240942,0.122890013563424,0,0.761657600611822,0,0,0.09119302220066,0,0,0.79751669884833,0.628656466678231
TCGA-CN-4737-01A,0,0,0.0548240416082453,0.00452741197029569,0,0.865118912299088,0,0,0.0568235085213708,0.0187061256010001,0,0.631617183420921,0.777681734884196
TCGA-C9-A480-01A,0.00164654145355401,0,0,0,0,0.992864512939453,0,0.00208535072441469,0.00340359488257831,0,0,0.786787678761775,0.617177312467051
TCGA-D6-6824-01A,0,0,0.221171289881287,0.184842027803087,0.0033382795483138,0.486637165716033,0,0,0,0.10401123705128,0,0.402621280705414,0.916045879002113
TCGA-CN-A63T-01A,0.000115827604644774,0,0.0381820260991129,0.0520271663428619,0.0010211596807974,0.884734046012842,0,0.00322268069948955,0,0.0206970935602516,0,0.655620252316486,0.756960403701369
TCGA-CV-7252-01A,0.00807015140362077,0,0.00559384222862067,0,0,0.975956343787141,0.000315082458979549,0,0,0.0100645801216376,0,0.772703651821166,0.634726004028051
TCGA-CV-7255-11A,0,0.000679558226480512,0.029885584796675,0.0249577820568549,0,0.905336077768457,0.00265274883437076,0.0191512815212902,0.010763545609758,0.0065734211861132,0,0.498231194927391,0.895989646116106
TCGA-CV-6003-01A,0.000416097248475742,0,0.00018476047730222,0,0,0.999399142274222,0,0,0,0,0,0.870740283067265,0.497058048697484
TCGA-F7-A50I-01A,0.00149324447007065,0,0.0243632275732804,0.00623946827162707,0,0.946071851632709,0,0.00933808750172522,0,0.012494120550588,0,0.651442250488335,0.765824580220541
TCGA-CV-7407-01A,0,0,0.038194264341675,0.0559668162504353,0,0.825585156038381,0,0.0273399887341136,0,0.0529137746353948,0,0.331065900829531,1.00080019405626
TCGA-CN-5366-01A,0.00414880664861826,0,0.0437682774353915,0.0152997609175022,0,0.918711334682487,0,0,0,0.0180718203160006,0,0.672886551043594,0.74229924853387
TCGA-CN-6011-01A,0.00756891176350314,0,0,0,0,0.992431088236497,0,0,0,0,0,0.626894682062998,0.796364366618137
TCGA-F7-A61S-01A,0.00369624852013017,0,0,0.00776065414998283,0,0.988536524423668,0,6.57290621879601e-06,0,0,0,0.792254370744032,0.610125709032495
TCGA-CV-7433-01A,0.0100979137893189,0,0.0563981952364882,0.084679729374235,0,0.834311655213293,0,0.000463736597365432,0,0.0140487697892998,0,0.53207503838196,0.858216406944777
TCGA-CR-6480-01A,0,0,0.0317401202042886,0.0420637343119504,0.00311396795596538,0.792442935470126,0,0.0274199649199727,0,0.103219277137697,0,0.235284899150955,1.05269544630695
TCGA-CV-7423-11A,0.00325163246032468,0,0,0.00528364927639337,0,0.931663751704944,0.000247171888222986,0.00584346147627335,0.0537103331938414,0,0,0.518008571473896,0.884797483636602
TCGA-CV-A45O-01A,0.0107465160785013,0,0,0,0,0.984054264833473,0.000523939621946213,0.00467527946607899,0,0,0,0.689881590749911,0.730131724397662
TCGA-CV-6933-01A,0,0.00272930484365569,0.0427788185431744,0.0190641019201388,0,0.923252730898351,0,0.00634658648198157,0,0.00582845731269883,0,0.673558051137309,0.741919475590245
TCGA-CV-A45V-01A,0.0127388441395995,0,0.00299538041114237,0.00968798296721567,0,0.965165422129985,0,0.00941237035205747,0,0,0,0.613310172937279,0.805294476999851
TCGA-CN-A49C-01A,0,0,0,0.010236226242511,0,0.952033803292728,0,0.0133382590328256,0,0.0243917114319349,0,0.424581530249925,0.965772706587873
TCGA-DQ-5630-01A,0.00830926333688646,0,0.0409889868975695,0.051285014844136,0,0.870299550627856,0,0.000734033408278503,0.0165383721254476,0.0118447787598257,0,0.676008144195443,0.737144267241253
TCGA-UP-A6WW-01A,0,0,0.0346282858169588,0.0356530001645647,0.00497968944394778,0.902001243848534,0,0.0104315371204298,0,0.0123062436055649,0,0.321278204498723,1.02839373812915
TCGA-CV-7406-11A,0,0,0.0267126287919182,0.0038332282260611,0,0.291415451124556,0.000228016293808252,0.00156826404932749,0.668028108135998,0.00821430337833139,0,0.576143954459929,0.822554310142014
TCGA-P3-A6T5-01A,0.00619473168512108,0,0.00780383072525267,0,0,0.983742008146576,0,0.00225942944305016,0,0,0,0.824239892015687,0.567495444532379
TCGA-CV-7261-11A,0,0,0.0256507327012223,0.00414850514840614,0,0.931861835216672,0,0.00306736234703792,0,0.0352715645866615,0,0.316046376025366,1.04139792369338
TCGA-IQ-A61J-01A,0.00942317365737365,0,0.00985713652322774,0.00544465814328999,0,0.947103264525418,0,0.00452416105277694,0.0166849235847367,0.00696268251317644,0,0.729522178820206,0.684412430044977
TCGA-CR-7379-01A,0,0,0.0265002547161425,0.00683477942339918,0.00123561915175719,0.9603318830121,0,0.000344233613481188,0,0.00475323008311977,0,0.639629106111476,0.779160930932004
TCGA-CV-A45Z-01A,0,0,0.0338463852454804,0.0474015924530772,0,0.907660015049152,0,0.00167125255107028,0,0.0094207547012202,0,0.596964521985204,0.812722154964959
TCGA-CN-4742-01A,0,0,0.074383177075649,0.00646206137180881,0.00437524197710523,0.901246049557969,0,0.00171739750125984,0,0.0118160725162079,0,0.507625155090049,0.887792498692378
TCGA-CV-A461-01A,0.0183960421676618,0,0.0341630058636644,0.0775547784192407,0.00409684059377516,0.854240935811349,0.000861117968999954,0.00496730577526061,0,0.00571997340004858,0,0.688895209128213,0.724776381606744
TCGA-CR-7388-01A,0,0.0154661569251154,0.0431985513150278,0.030075639466989,0.016689467480714,0.865317067121906,0.000308731222829705,0,0,0.0289443864674185,0,0.593094951585706,0.811376656220809
TCGA-BA-A6DE-01A,0,0,0.000500380471023686,0,0,0.999499619528976,0,0,0,0,0,0.841702046643404,0.541649229958144
TCGA-CV-6948-01A,0,0,0.032981953829172,0.036887953357346,0,0.898028750927877,0,0.0117021961179388,0,0.0203991457676658,0,0.453760930977098,0.929852002331043
TCGA-BB-4227-01A,0,0,0,0,0,0.994250567137085,0,0,0,0.0057494328629145,0,0.689582439780775,0.731593098935788
TCGA-P3-A6T4-01A,0.00317624395673202,0,0,0,0,0.99249320104018,0,0.00433055500308789,0,0,0,0.636360438868407,0.786906980344206
TCGA-QK-A6V9-01A,0.0150565563180248,0.0155774093815802,0,0.0245464286366313,0,0.834200175749046,0,0.0823036508246766,0,0.0283157790900408,0,0.228520872942834,1.06838508002019
TCGA-CR-7389-01A,0,0,0.0222124730524445,0.0230664817088149,0.0137147037344729,0.884644108528028,0,0,0,0.0563622329762397,0,0.606959998300115,0.801254073974857
TCGA-CV-6935-01A,0,0,0.0557552840555997,0.00699870953382039,0.000180814612031452,0.922569879527836,0,0,0,0.0144953122707123,0,0.465033574074768,0.926491687290019
TCGA-CN-6017-01A,0.00150953763218645,0,0.121790371196007,0.120954983580271,0.00660582488376017,0.339337010780415,0,0,0.35388326704297,0.0559190048843903,0,0.487977571857805,0.879853680340697
TCGA-CV-A6JU-01A,0,0,0.0368474968925889,0.0192400791408354,0,0.705800445925962,0,0,0.217269034846302,0.0208429431943124,0,0.697269808977792,0.725836641787884
TCGA-CR-7401-01A,0.00951310500161533,0,0.0229159837478529,0,0,0.943955286213098,0,0.000779489392228718,0.012742737152199,0.010093398493006,0,0.709044974675205,0.706535223638146
TCGA-CV-6933-11A,0,0,0.508352965556382,0.0456087466825727,0.0207980225060616,0.205819882758341,0,0,0,0.219420382496642,0,0.190506895722849,0.98971801445073
TCGA-CN-4739-01A,0,0.0226973056858634,0.0501054029387861,0.0429343367252419,0.0250472316747204,0.822863371363824,0,0,0,0.0363523516115646,0,0.388795948557697,0.961003823489081
TCGA-CV-A45Y-01A,0,0,0.110563489399893,0.0249376757359697,0.0136727498266727,0.817438856020757,0,0.0086546889898975,0,0.0247325400268099,0,0.700324120403582,0.714947455534178
TCGA-CR-6493-01A,0.00642511391907502,0,0,0,0,0.993574886080925,0,0,0,0,0,0.785155939067257,0.619275742001892
TCGA-BA-4076-01A,0,0,0.000319079971583411,0,0,0.993196185815334,0,0.00446645155843152,0,0.00201828265465128,0,0.621880972374443,0.801485101105188
TCGA-CV-6436-01A,0.0139403682240138,0,0,0.00703648563061327,0.000358290465669734,0.977773879250407,0,0.000890976429296339,0,0,0,0.82180382349949,0.571181491968385
TCGA-DQ-5625-01A,0.00264808053383035,0,0.00709051520034237,0.0409618552514165,0,0.826236339077225,0,0,0.123063209937185,0,0,0.740686265228794,0.675922412937338
TCGA-HL-7533-01A,0.00734706100530478,0,0,0.0105428014117313,0,0.982110137582964,0,0,0,0,0,0.729996718576124,0.685519591917427
TCGA-CV-A6JM-01A,0,0,0,0.000487113311644804,0,0.999512886688355,0,0,0,0,0,0.873206406458955,0.493069898078631
TCGA-QK-AA3K-01A,0.0080264169070466,0,0.51175786375213,0.109054064412537,0.00682851162314572,0.144621613214006,0,0.00259698444798098,0,0.217114545643154,0,0.16055828526699,0.997462696368932
TCGA-HD-7831-01A,0,0.000347716464633356,0.438048853205633,0.030509117942215,0,0.483149404427296,0.000143173252749408,0,0.000918803770541189,0.0468829309369321,0,0.128462654803592,1.03964487453067
TCGA-UF-A71B-01A,0.0038625305595276,0,0.0198763114081777,0,0.00160899869640918,0.969818473997148,0,0,0,0.00483368533873757,0,0.792495849790736,0.610058794670557
TCGA-CV-A45U-01A,0.00377908568589045,0,0.00349216712451351,0,0,0.989458065428851,0,0.00327068176074541,0,0,0,0.623694718450877,0.799061683649765
TCGA-CV-7440-11A,0,0,0.0197315272972613,0.00713942039842083,0,0.863592073206214,0,0.0044644733538493,0.0963950739267403,0.0086774318175147,0,0.47625458856732,0.905543731304589
TCGA-CV-6955-11A,0.00713310684155847,0,0.0272408857420649,0.0105579978642897,0,0.952173606497772,0,0.00289440305431535,0,0,0,0.675425153738993,0.742287232860207
TCGA-CV-7253-01A,0.0071039621286877,0,0,0,0,0.990258256061269,0.000263229662620759,0.00237455214742225,0,0,0,0.749912410927759,0.662702981992651
TCGA-P3-A6T8-01A,0,0.000347937352251909,0.138302750359205,0,0,0.828046048257039,0,0,0.0180925734700091,0.0152106905614943,0,0.399771735308211,0.954697413553225
TCGA-CR-5250-01A,0,0.0111587948620917,0.0559500023173967,0.0014941796793248,0.0125145476919578,0.867398871688516,2.789449474264e-05,0.010598624596661,0,0.0408570846693094,0,0.411457704295758,0.954621754306866
TCGA-BA-5152-01A,0,0.00506885920764567,0.000500553280670897,0.03258250431744,0.000148181133639024,0.949129854241705,0,0,0,0.0125700478188991,0,0.60644188860286,0.809552265569756
TCGA-CR-5247-01A,0,0,0.0456740755785061,0,0,0.94853574696116,0,0,0,0.00579017746033365,0,0.609422428974144,0.806653819930144
TCGA-MT-A7BN-01A,0,0,0.472405318301397,0.215549294275724,0,0.120801576379038,0.00978805128284794,0,0,0.181455759760993,0,0.109990223876176,1.01490255291587
TCGA-CN-A499-01A,0.00962411330915918,0,0.00774715597860405,0.0183284876392929,0,0.95137066195009,0,0.0097539620494946,0,0.00317561907335969,0,0.680142907216198,0.737354182539649
TCGA-CN-A498-01A,0.00945979525261963,0,0.0025190624141361,0.00498905764222657,0,0.973849611535855,0,0.00918247315516221,0,0,0,0.722230772613713,0.693780810832156
TCGA-CV-7103-01A,0,0,0.391065968228052,0.0184639562425793,0,0.507894570669425,0,0,0.0551465142231049,0.0274289906368387,0,0.267853530600726,0.980413790268521
TCGA-T2-A6X0-01A,0.00524761138247506,0,0.0458633243847086,0.0877872130436006,0.012827282216147,0.714861346272845,0,0.0633791412586013,0,0.0700340814416221,0,0.26052778175008,1.01764692517902
TCGA-CV-A45Q-01A,0.000981852886072378,0,0,1.04097153682064e-05,0,0.998076499721309,2.83981209448214e-06,8.06361083754551e-05,0.000847761756780676,0,0,0.830273614688558,0.558294883492192
TCGA-DQ-5631-01A,0,0,0.0852799244491308,0,0.000654581418298292,0.894646684220026,0,0,0,0.019418809912545,0,0.436427594961431,0.942504161497922
TCGA-CV-7410-01A,0,0.0465594439318745,0.0273181951250296,0.0404841203467506,0.00391823302065917,0.861232363200837,0,0.00123839737254123,0,0.0192492470023081,0,0.684275719049056,0.729154961414879
TCGA-P3-A6T2-01A,0,0,0.0109451933609947,0,0,0.98033653019867,0,0.00109225852792825,0,0.00762601791240721,0,0.679492492853547,0.740869065400556
TCGA-CV-6938-01A,0.00797023198431776,0,0.00214354422890784,0.0837726360294479,0,0.900273627550298,0,0.00380959031571181,0,0.00203036989131612,0,0.688366867065908,0.726114120434355
TCGA-CQ-A4C6-01A,4.4584436801518e-05,0,0.0119277687541218,0.0103892887378212,0,0.962076556273326,0,0.00639593435057751,0.0022754654237709,0.00689040202358138,0,0.769869188485977,0.638124609075232
TCGA-CV-7425-11A,0.00402196103369316,0,0,0.0101813585228578,0,0.979002680186418,0.000282720707811916,0.00651127954921876,0,0,0,0.725749127278903,0.690155599908581
TCGA-BA-6873-01A,0.000393646190329367,0,0.0122201574787172,0.0134401410311158,0,0.963506554200513,0,0.00181903376144484,0.00142626577256598,0.00719420156531344,0,0.679252593846844,0.739402844627668
TCGA-CN-6022-01A,0,0,0.246520612192678,0.0888095592263865,0,0.584447417063436,0,0,0.0540056468735668,0.026216764643933,0,0.254329622241232,0.995988877838194
TCGA-CV-7235-11A,0,0,0.416852507328593,0.322699493484461,0.00765909161372485,0.130059977235599,0,0.00136877160159259,0,0.121360158736029,0,0.293598230436618,0.957193360193021
TCGA-CQ-6229-01A,0.00220274930437887,0,0.0043665944612119,0.00696341669125479,0,0.970671983994771,1.61375552130171e-05,0.00247768173500269,0.0130078543355676,0.00029358192260057,0,0.771187721189612,0.636543614796514
TCGA-CV-6441-01A,0,0,0.0236766872665461,0,0,0.554000238324652,0,0.0114862624154949,0.389377898963573,0.0214589130297336,0,0.393954602402482,0.926029501753214
TCGA-CV-7434-01A,0.00881994510488721,0,0,0,0,0.986425652079108,0,0.00475440281600498,0,0,0,0.764519783675993,0.64493038717979
TCGA-CV-6952-01A,0.010468304594399,0,0,0,0,0.983323435591331,0,0.0062082598142702,0,0,0,0.743627923994898,0.669790835101975
TCGA-CQ-5326-01A,0.00723911029198743,0,0,0.00910926785452858,0,0.983267364064336,0.000384257789147459,0,0,0,0,0.760112782160032,0.650195731667552
TCGA-CN-A6V6-01A,0.0162317929135345,0,0.0601320782146361,0.136050139991175,0.00297218397287199,0.61041932380236,0,0.0374441527179159,0.0836263821764184,0.0531239462110886,0,0.400526020847247,0.922642431710492
TCGA-CV-6955-01A,0.00311796762314056,0,0,0.0255622192812955,0,0.967802665071272,6.62794369804505e-05,0.00345086858731172,0,0,0,0.436474593945646,0.96059506426025
TCGA-CN-6019-01A,0,0,0.308485544772971,0.124806268495388,0.00158105562307486,0.501011795748298,0,0,0.0114542809594812,0.0526610544007859,0,0.188691820200422,1.01464245642355
TCGA-CV-7437-11A,0,0,0,0.00401585025067132,0,0.981407118874998,0,0.0117384059420113,0,0.00283862493231954,0,0.326727289081377,1.04965948157133
TCGA-CR-5243-01A,0,0.0308758369470413,0.184726706054961,0.0101722726078596,0.0195264865844022,0.654949785740998,0,0.000310781106790681,0,0.0994381309579475,0,0.223144962017749,1.02465192121051
TCGA-BA-6868-01B,0,0,0.0563503630785082,0,0,0.937159120461475,1.26337241781675e-05,0.000412527433656978,0,0.006065355302182,0,0.358392155984856,1.01219856983115
TCGA-CQ-5330-01A,0,0,0.086728284201195,0.0752436447016417,0,0.76202158388928,0,0,0.058700070284115,0.0173064169237684,0,0.47653356015372,0.890245619425284
TCGA-P3-A6T7-01A,0.01123163651602,0,0,0,0,0.981871399409326,0,0.00689696407465398,0,0,0,0.727642176991294,0.688171405304424
TCGA-D6-6827-01A,0,0,0.470410020209303,0.0689495544588617,0,0.22807781848166,0,0.0380041165797592,0,0.194558490270416,0,0.213208980654441,0.982095396696621
TCGA-CN-6992-01A,0,0.00200033027873644,0.0800117529946262,0.0182425999204281,0,0.862906888830547,0,0,0,0.0368384279756621,0,0.461060679863102,0.917116919599739
TCGA-CR-7402-01A,0,0,0.0148795738009935,0.0148655791956778,0.00578594154056035,0.953200021497887,0,0.0018797647188468,0,0.00938911924603421,0,0.553164078815212,0.858739661109207
TCGA-CR-6470-01A,0,0.0684719690794946,0.145659144138663,0.0942926880034998,0.0487542642140119,0.545355643119577,0,0.0438334660783044,0,0.0536328253664492,0,0.203516153239842,1.01274851897267
TCGA-CN-6023-01A,0.00843379782530508,0,0.117682198128348,0.332232164023205,0.0153928968836578,0.362436909544103,0,0.0208742031251557,0,0.142947830470225,0,0.221817781974319,0.993158907160891
TCGA-DQ-5624-01A,0,7.98185182672913e-05,0.0178690032357247,0.00567794071156402,0,0.947448871590975,0,0.00560540289444767,0.00900692142963584,0.0143120416193859,0,0.58084655993351,0.832830593903287
TCGA-HD-A6HZ-11A,0.00363494415332828,0,0.0635089393147364,0.00484510048231856,0.000248673840911253,0.77450654558245,0,0.000830012105574774,0.135970617350014,0.0164551671706665,0,0.334968334613283,0.986366741076079
TCGA-CQ-A4CE-01A,0.011652499294768,0,0,0.00074514551016199,0,0.982029143855953,0,0.00557321133911669,0,0,0,0.757618686364686,0.65314974851493
TCGA-UF-A7JV-01A,0,0,0.0969137707333784,0.0653983574280065,0,0.826194333010169,0,0,0,0.011493538828446,0,0.178067468076475,1.09836651492297
TCGA-CV-7427-01A,0.005878721278977,0,0,0.044903623620818,0,0.945604057244926,0,0.00361359785527939,0,0,0,0.666937388387355,0.75038800247432
TCGA-CV-5973-01A,0,7.87414462567957e-05,0,0,1.07959510733331e-05,0.999880368942976,2.68702829771147e-05,3.22337671628655e-06,0,0,0,0.795007599394423,0.60653598389422
TCGA-DQ-5629-01A,0,0,0.0222384714933214,0,0.000131608604363593,0.964300393770102,0,0.00201531558794109,0,0.0113142105442717,0,0.688812026606474,0.729456899496277
TCGA-BA-A4IH-01A,0.00516575939651089,0,0.101963052941172,0.0153408832888734,0,0.777273879461717,0,0.033010973637746,0,0.0672454512739808,0,0.647804655552794,0.761966930755324
TCGA-CV-A6JT-01A,0.00675025504278218,0,0.00361008722129032,0,0,0.974000331136759,0,0,0.0156393265991689,0,0,0.790558023763044,0.612447573294689
TCGA-CV-7177-01A,0,0,0.0902482806800004,0.00617063726296712,8.86188799750261e-06,0.865076784709729,0,0.00314666403251632,0,0.0353487714267893,0,0.51069830020768,0.879169208560502
TCGA-BA-6870-01A,0,0.00591197045004722,0.00377998163347557,0,0.00461892147822198,0.973397713791665,0.000425296452913337,0,0,0.0118661161936772,0,0.74512476205621,0.667629334273729
TCGA-CV-7446-01A,0,0,0.0499506731291741,0.00341959918368436,0,0.914527330794141,0,0.0148911672653868,0,0.0172112296276134,0,0.453956052687051,0.933305926992716
TCGA-IQ-A61G-01A,0,0,0,0,0,0.999368473791296,0,0.000631526208703993,0,0,0,0.852666369916126,0.52526453472791
TCGA-D6-A6EK-01A,0.000837310562748463,0.000344162193398029,0,0.0061231975514473,0.0016475983443999,0.987972376999966,0.000107945715859593,0.00296740863218043,0,0,0,0.876469715276922,0.489306547920664
TCGA-IQ-A61I-01A,0,0,0.0180392066872985,0.0534688132056613,0.00315448144382545,0.852941324337714,0,0.0269452027393918,0,0.0454509715861089,0,0.318709980072595,1.01623238521634
TCGA-CN-A6UY-01A,0.0288077635547273,0.000274873999742343,0.00481111926640894,0.038187983736002,0.00141789941184251,0.877776223943032,0,0.0327709783613069,0,0.0159531577269385,0,0.378289018893786,0.980910684185587
TCGA-CV-A465-01A,3.03121939686104e-05,0,0,0,0,0.999969687806031,0,0,0,0,0,0.837074844929606,0.548395954276603
TCGA-CR-7383-01A,0.000670063504746785,0,0.0427645312511742,0.0421219515048301,0.0013997466389907,0.864615263748554,0,0,0.0191194353447015,0.0293090080070028,0,0.657114894790061,0.754603441770265
TCGA-P3-A6T0-01A,0.00693416049578487,0,0.00122956851032452,0,0,0.991836270993891,0,0,0,0,0,0.63781164358744,0.785343081741071
TCGA-D6-A4ZB-01A,0,0,0.0219360477148315,0,0.00623681091437117,0.965390200765886,0,0,0,0.00643694060491171,0,0.749275695426741,0.662547145631032
TCGA-BA-A4II-01A,0.00147120218449564,0,0.0108936793170444,0.00582776792517443,0.000729683614374542,0.968144313251926,0,0.00355003508268325,0,0.00938331862430141,0,0.721566780622933,0.69420701988116
TCGA-CN-5359-01A,0.00595293556463242,0,0.114109691745644,0.141757058941119,0,0.707139692323128,0,0.00349554866340638,0,0.0275450727620699,0,0.34930746807557,0.965626370046924
TCGA-CV-7438-01A,0.00460750337117267,0,0.0477050009064741,0.00734012360748184,0.00228066550626287,0.87079963034588,0,0,0.0672670762627281,0,0,0.749910573217169,0.663484792544487
TCGA-CV-7097-01A,0,0,0.0466547975937327,0.0255360846751066,0,0.879499783791015,0,0.000481454342273014,0.0478278795978732,0,0,0.700021906111381,0.714048581875669
TCGA-QK-A8Z9-01B,0,0,0.0880439754348274,0.0384537023854056,0,0.860673722628375,0,0.00180668684980013,0,0.0110219127015919,0,0.449212125839875,0.925617775783551
TCGA-UF-A7JO-01A,0.00924276969936848,0,0.0125012609499355,0.124342779635861,0,0.840561091807415,0,0.012050104559727,0,0.00130199334769298,0,0.641765843241243,0.76778314638585
TCGA-CV-7180-01A,0.00624516813052787,0,0,0,0,0.988921975003849,0,0.00483285686562339,0,0,0,0.729712441885621,0.686277609781785
TCGA-D6-A6EO-01A,0,0,0.0261271344261225,0,0,0.926642080178284,0,0.00410155858898107,0,0.0431292268066124,0,0.569873121675853,0.839423600409518
TCGA-HD-A6I0-01A,0.00263728019511251,0,0,0.00220933083879862,0,0.995139331727976,0,0,0,1.40572381124161e-05,0,0.8950034957464,0.457192734632369
TCGA-CV-6950-01A,0.00840843042564195,0,0.0100962200868516,0,0,0.961438511586017,0,0.00533876335275501,0.00870222406485928,0.00601585048387532,0,0.656439995770995,0.76248119896835
TCGA-UF-A7JK-01A,0,0,0.00373398244953985,0,0,0.99626601755046,0,0,0,0,0,0.676778206214728,0.745596173593965
TCGA-UF-A7JF-01A,0,0.0029311753127054,0.0143818995174484,0.034674187298776,0.000440942580897238,0.936874882812027,5.09334287325059e-05,0.00219720175379353,0,0.00844877729562032,0,0.6440440123411,0.772145172653155
TCGA-CV-7428-01A,0.00130255796850878,0,0.0179877139168547,0.0179636516067811,0,0.961962957125433,0,0,0,0.000783119382422022,0,0.722587540028425,0.692740984744306
TCGA-D6-A6ES-01A,0.0076995106137938,0,0,0,0.000351796300909082,0.991948693085297,0,0,0,0,0,0.460127114019512,0.94769355254492
TCGA-CQ-A4CH-01A,0,0,0.0137416197040736,0,0,0.972816037163183,0,0.00184299870986733,0,0.0115993444228764,0,0.686917865166914,0.732239653373631
TCGA-CV-5966-01A,0,0,0.114082349805717,0.0704856746062785,0,0.809934018727585,0,0,0,0.00549795686041944,0,0.54131072160804,0.848292927358541
TCGA-CR-7394-01A,0.0172457614995569,0,0.0107456070732291,0.0389011383064459,0.00512835838704175,0.924967198257662,0,0.00275635155367201,0,0.000255584922391917,0,0.678913693623241,0.736669848954214
TCGA-CV-7425-01A,0.00931444499001481,0,0,0.00963644046318043,0,0.981049114546805,0,0,0,0,0,0.740306621047931,0.673567761390707
TCGA-CV-7254-01A,0,0.00824223381993104,0.306107432981881,0.178766260040839,0.00675481104414199,0.34054211799947,0,0.007625208329575,0,0.151961935784162,0,0.251956427063502,0.973541398601555
TCGA-CR-6478-01A,0.00684592443354608,0,0.0111813488844155,0.117292869477037,0.00206265153968676,0.845034626923773,0,0.00329117400329181,0,0.0142914047382504,0,0.673050226854954,0.739586910757917
TCGA-TN-A7HL-01A,0.0590370908638643,0,0.0114391286552955,0.108171839260208,0.0156491680202635,0.766994160965405,0,0.0283762911699879,0,0.0103323210649758,0,0.54319062661635,0.843240569705387
TCGA-CV-7432-11A,0,0,0.575910858093403,0.159379216950649,0.00598674456945558,0.152412619632083,0,0.013535865887538,0,0.0927746948668714,0,0.229947054163058,0.977336032357359
TCGA-CQ-6218-01A,0.0140344549045571,0,0.000202953962909708,0.00133712368688623,0,0.984425467445647,0,0,0,0,0,0.75098385196401,0.661162681131822
TCGA-HD-7229-01A,0.00723575818969199,0,0,0.00601367495731474,0.00138995432661207,0.979747002332598,0,0.00430421121999739,0,0.00130939897378531,0,0.650487281706097,0.770779142538855
TCGA-MT-A67D-01A,0.00288467314518966,0,0.0300634998760171,0.0043748606482218,0.00268602497691191,0.948719014229629,0,0.00325286768943057,0,0.00801905943459949,0,0.781694344793126,0.624017177019466
TCGA-IQ-7631-01A,0,0,0.288334318874426,0,0,0.577955351083627,0,0,0,0.133710330041947,0,0.244008697460268,1.00103304537682
TCGA-CQ-7072-01A,0,0,0.364494972398529,0.013986325620628,0,0.579451555762893,0,0.00113360471153796,0.000554767371964707,0.040378774134448,0,0.182489283515888,1.03233776363477
TCGA-BB-A6UM-01A,0.021119956201533,0,0.0153623342535126,0.0279824099545371,0,0.90123021087993,0,0.0118372536038063,0,0.0224678351066807,0,0.288938029684718,1.05040600915882
TCGA-MT-A67F-01A,0.0227993756092426,0,0.00280639052137703,0.0678319655071851,0,0.906338436850851,0.000223831511343996,0,0,0,0,0.771506602359063,0.63772157216633
TCGA-CN-6995-01A,0.00639302347066612,0,0.000463609636159337,0.0461173130118527,0,0.929533314669489,0,0.00851282869283973,0.0052950458866041,0.00368486463238935,0,0.75708662190107,0.653370128016569
TCGA-CN-A6V7-01A,0.00207771322016772,0,0,0.0154078373011515,0,0.944802926780817,0,0.0299910072371992,0,0.00772051546066437,0,0.247132385902129,1.09389202452341
TCGA-BA-A8YP-01A,0,0,0.222210222408002,0.0278700899219501,0.004155772169177,0.704429436549646,0,0,0.00438896728683159,0.0369455116643928,0,0.289331686515887,0.999546651703553
TCGA-CN-A49B-01A,0.00567020566063475,0,0.0154955803395576,0.0453423803991345,0,0.91614459538422,0.000165435620299741,0.00851806994855427,0,0.00866373264759882,0,0.72329395750743,0.690535483371966
TCGA-CV-7183-01A,0.00840587381945852,0,0,0,0,0.985599663216698,0,0.00599446296384381,0,0,0,0.749281519021085,0.663233887572628
TCGA-UF-A7JJ-01A,0.00703227611010541,0,0.124310794075563,0.0771906470144365,0.00571682600552126,0.770723600655473,0,0.0055482799252635,0,0.00947757621363715,0,0.42810984401018,0.924777908524632
TCGA-CR-7385-01A,0,0.0739504251318846,0.00184956575977638,0.182970010329963,0.00329023031312041,0.700009297844369,0,0.0128388758549059,0,0.0250915947659806,0,0.275228915037082,1.00895001516958
TCGA-P3-A5QF-01A,0,0,0,0.0218963098135548,0,0.957700600822223,0,0.012948931487661,0,0.00745415787656098,0,0.48387806177304,0.919196103655488
TCGA-H7-A6C5-11A,0,0,0.176797440552277,0.0361502231119583,0.00251916250723471,0.680134442794724,0,0.00743553228510947,0,0.0969631987486967,0,0.0991118319261412,1.09600241585488
TCGA-H7-8501-01A,0.0420564405890979,0,0.0404436069345279,0.142849090194245,0,0.750988882435317,0,0,0,0.0236619798468129,0,0.692077933912433,0.725890694245962
TCGA-IQ-7632-01A,0.00542813040931439,0,0,0,0.000431477362560587,0.994140392228125,0,0,0,0,0,0.711048990620169,0.707890139054823
TCGA-CV-A6JZ-01A,0.00598447437929573,0,0.00513857409282325,0.0666938991527701,4.67871308392063e-06,0.922178373662027,0,0,0,0,0,0.820241205014672,0.577664362288403
TCGA-HD-7832-01A,0.0034430897956987,0,0,0.00630739429057788,0,0.987974781852306,0,0.00227473406141742,0,0,0,0.722347582892902,0.694637231429921
TCGA-CV-A6JE-01A,0.00987043483923026,0,0.00777560337199576,0.00792247890559829,0.000132077333317161,0.971305106618772,0,0.000231219469908986,0,0.00276307946117756,0,0.884517464258476,0.478947500147109
TCGA-CN-4725-01A,0.000390527689295352,0,0,0,0,0.970857160359039,0,0,0.0287523119516654,0,0,0.818677819154572,0.575819766142355
TCGA-BA-5151-01A,0.00910315636707231,0,0,0.010097336520772,0,0.961375685838586,0,0.0111338567555221,0,0.0082899645180479,0,0.668669773180429,0.750070614913496
TCGA-CN-4726-01A,0.00390523290700792,0,0.00420380366374955,0,0,0.991397622210315,0.000493341218927416,0,0,0,0,0.718017617716442,0.699812066261501
TCGA-F7-A624-01A,0.125363990198729,0,0.143243463320577,0.533601950377938,0.0431239158359708,0.0352849530092732,0,0.00901623136359984,0,0.110365495893912,0,0.388273393958787,0.923036925080809
TCGA-BA-A6DL-01A,0,0,0,0,0,0.996729311817418,0,0.00327068818258181,0,0,0,0.737291718723171,0.678014982883326
TCGA-BA-6869-01A,0,0,0.00964615365720745,0,0.00341279967829899,0.967093937264935,0,0.00541552479637027,0,0.0144315846031878,0,0.658755852878919,0.760843718130688
TCGA-QK-A6IH-01A,0.000836996742780353,0,0,0,0,0.99916300325722,0,0,0,0,0,0.86251751311812,0.510107427242793
TCGA-HD-7754-01A,0,0.0191214105254756,0.207662615793776,0.0720864821646459,0,0.65402379246908,0,0.000387831077034817,0,0.0467178679699878,0,0.165384994076343,1.05511227334181
TCGA-CV-A6JN-01A,0.00296502526389549,0,0,0,0,0.99693040664335,0,0.000104568092754924,0,0,0,0.860398134654924,0.513631316073927
TCGA-TN-A7HI-01A,0,0.0128964030540945,0.169428877506116,0.115917975208305,0.0579783256248537,0.557263781413714,0,0.00684743128096264,0,0.0796672059119538,0,0.309406298791908,0.965946880933247
TCGA-CR-7365-01A,0,0,0.0148456126988932,0.00358162454332003,0,0.974039726225847,0,0,0.00644636174720209,0.0010866747847381,0,0.688055921325861,0.731127392802408
TCGA-CV-5440-01A,0,0,0.00750692324856168,0,0,0.838067979661473,0,0,0.154425097089966,0,0,0.706795767066779,0.707978627900494
TCGA-CV-6956-11A,0,0,0.00549256708339106,0.00746830568179682,0,0.834343846252098,0,0.00262507619668423,0.140379303213521,0.0096909015725088,0,0.472443792882761,0.903701860687355
TCGA-MZ-A5BI-01A,7.60873768530691e-05,0.0269603049498564,0.00693407422246141,0.0640451854568177,0.0102854068362579,0.83225410884863,0,0.0418069199601346,0,0.0176379123489893,0,0.687146315201463,0.726648895346372
TCGA-BB-4228-01A,0,0,0.0982326208186737,0.0329353726476209,0,0.811984973787432,0,0.0283076277278587,0,0.0285394050184149,0,0.339508678362895,0.991677412570556
TCGA-QK-A6II-01A,0.00127180780137806,0,0,0.00227488324471103,0,0.993392515679115,0,0.00105383863960233,0.00200695463519379,0,0,0.839656387758806,0.545045606065274
TCGA-CV-7252-11A,0,0,0.0129176899208243,0,0,0.927238508225117,0,0.00665751773831057,0.0503331479391977,0.0028531361765504,0,0.42951820289185,0.955267468709456
TCGA-CV-5970-01A,0,0,0.0154541675409531,0.0110602018422787,0.00429894380456283,0.95934936403156,0,0.00202271218220702,0.00256906504683618,0.00524554555160245,0,0.728925167725187,0.685548564829962
TCGA-CQ-7065-01A,0,0,0.00153238775028429,0,0,0.99500872819846,0,8.85783354919647e-05,0.00337030571576408,0,0,0.788624882084018,0.614828166429081
TCGA-QK-A8Z8-01A,0,0,0,0.00159407721446493,0.000768259273186135,0.988748509140207,0,0.00180445820932278,0,0.0070846961628195,0,0.563150155425261,0.856710167449974
TCGA-CR-7382-01A,0.0013358652757373,0,0.349371613164483,0.173766791065426,0,0.318920159950417,0,0.00748191512718914,0.00138316577492807,0.147740489641819,0,0.175596318309646,1.00000764312132
TCGA-CR-7368-01A,0,0,0,0.0142088204829088,0.000223527030499992,0.976552837046099,0,0.00514070569206025,0,0.00387410974843161,0,0.641581252629715,0.779362372247953
TCGA-CV-6934-11A,0,0,0.0774738743983693,0.0475597360985837,0.00407727057095869,0.797148464411216,0,0.0273709742741872,0,0.0463696802466853,0,0.114066851363393,1.12536963543266
TCGA-CQ-A4C9-01A,0,0,0.0730051199226758,0.00789060622118918,0.0048198303042037,0.867684618107621,0,0.00326319317592575,0,0.043336632268385,0,0.518669892724909,0.873201018306514
TCGA-CQ-6224-01A,0,0,0.114108400563554,0.0315741247178544,0,0.777136870517515,0,0,0.0685165005768738,0.00866410362420268,0,0.348169755501088,0.978122372895245
TCGA-CN-5369-01A,0.00700746609771561,0,0.0121873470323694,0.0344825719970477,0.00454267873047498,0.932482317802291,0,0,0,0.00929761834010189,0,0.716663022405355,0.697956904949116
TCGA-CR-7374-01A,0,0,0.0428348177161245,0.0377879901762193,0.0238644782431042,0.811407670907988,0,0.0105995428710351,0,0.0735055000855285,0,0.544978021683804,0.845463816584136
TCGA-CV-5978-01A,0,0.00491143435506881,0.220651509942702,0.064845922798981,0,0.66757242597485,0.000437808416950595,0.00768829835758616,0,0.0338926001538619,0,0.289003507729973,0.992412409804486
TCGA-QK-A8ZA-01A,0,0,0,0,0,0.988788966350754,0,0.00301145122585567,0,0.00819958242338987,0,0.620749437437055,0.801890622675056
TCGA-D6-6823-01A,0,0,0.0138441573430972,0,0,0.984441304780499,0,0,0,0.00171453787640395,0,0.622935211203582,0.799042667335148
TCGA-CN-6012-01A,0,0,0.025783387402797,0.0417242034851856,0.0193013172535288,0.869808017914014,0,0,0,0.0433830739444746,0,0.412972353853683,0.954406592178443
TCGA-CV-6945-01A,0.00632061803034479,0,0.00695692794282936,0,0,0.986486029521423,0.000236424505402888,0,0,0,0,0.757735760775449,0.653168350366398
TCGA-CR-7393-01A,0.00343298406349528,0.0177207111393395,0.0906763428781667,0.0593988973966676,0.000794253517921567,0.765282736024793,0.000977316896317801,0.00337683180947399,0,0.0583399262738241,0,0.511682941951508,0.865816592515107
TCGA-CN-6994-01A,0,0,0.0215960056884532,0.0116310582284915,0,0.960309330588877,0,0.0033996099553671,0,0.00306399553881115,0,0.539584871744391,0.872126814846975
TCGA-MT-A67A-01A,0.010673436427999,0,0,0,0,0.987091037456621,0,0.00223552611538049,0,0,0,0.756924951029876,0.654160809258867
TCGA-CN-A63U-01A,0,0,0.00728753827987804,0,0,0.987579957274918,0,0,0,0.00513250444520357,0,0.616828530408634,0.805547970856717
TCGA-CV-7418-01A,0.00641508400051604,0,0.0402565619500151,0.031655616243774,0,0.855922143742882,0,0.0118669580029337,0,0.0538836360598791,0,0.420037573427151,0.94598340137591
TCGA-IQ-A6SG-01A,0,0,0.0152653624476533,0,0,0.98259957354122,0,0.00213506401112715,0,0,0,0.692706488564848,0.72698344601423
TCGA-CV-5977-01A,0.00155554574856491,0,0.00099919561149668,0,0,0.996400213577251,0,0.00104504506268768,0,0,0,0.895351086620542,0.456370392441994
TCGA-BA-6872-01A,0.00651651503252858,0,0.00343253207329129,0,0,0.989294270563939,0.000756682330240639,0,0,0,0,0.797937960084933,0.60272165009217
TCGA-CR-7391-01A,0.000532424306174225,0,0.0358710891251189,0.0437105410812021,0.000214625822628689,0.879917755161054,0.00044792946283905,0.0038652841151541,0.0032170298847193,0.0322233210411098,0,0.57011668981201,0.832647136802086
TCGA-CV-7415-01A,0.00288951638580544,0,0.0361891818290891,0.0173657935225145,0,0.935544387855878,0,0.00369135116639499,0,0.00431976924031741,0,0.738009849651121,0.674785386776625
TCGA-F7-8298-01A,0,0,0.0458489879973788,0.00316480471713917,0,0.939240802463823,0,0,0,0.011745404821659,0,0.659456706029991,0.757252698625284
TCGA-BA-A6DI-01A,0.00688804566728258,0,0,0.0016417443390024,0,0.982108597069784,0,0.00530159629007574,0,0.00406001663385534,0,0.738946484113735,0.675198640488401
TCGA-CQ-A4CI-01A,0,0,0.131669702220937,0,0,0.808743575068043,0,0.00631614309178621,0,0.0532705796192339,0,0.477658118272606,0.895747782220798
TCGA-BB-A5HU-01A,0,0.000124025817044181,0.0604788758221628,0.00553543877833646,0,0.93150406913082,0,0.0023575904516363,0,0,0,0.412814161323392,0.969523629923661
TCGA-HD-A634-01A,0,0.0144539158191485,0.405772589204025,0.0130914872181111,0,0.0366843100293341,0,0.0309906773865369,0,0.499007020342844,0,0.032043583871214,1.03479264457177
TCGA-CV-5434-01A,0,0,0.225031273391901,0.0712971101115452,0,0.618109112991717,0,0.00449291929503638,0.0231632309570218,0.0579063532527783,0,0.492381175707038,0.870572423100888
TCGA-CV-7434-11A,0,0,0.577339995668695,0.065821880158509,0.00594925047210352,0.18867867192265,0,0,0,0.162210201778042,0,0.311331158984374,0.950256495665227
TCGA-D6-8568-01A,0,0,0.0758565939457779,0.00449286353789975,7.69049190799541e-05,0.867184980453669,0,0.00235730346023212,0.0238473435002088,0.0261840101831325,0,0.654952110193233,0.756677650786832
TCGA-CV-A6K0-01B,0,0.00867884473059586,0.0495627819130253,0.0310636528412035,0,0.844047231263736,0,0.00408401194940233,0.040585479256719,0.0219779980453181,0,0.556874709405462,0.839208662714719
TCGA-HD-8635-11A,0.000448023622988652,0,0,0.00749309183837413,0,0.926631413027781,8.38283671987502e-05,0.00699519457401401,0.058348448569643,0,0,0.520404545942848,0.881819787821431
TCGA-P3-A5Q6-01A,0,0,0.0496045334816941,0.00467570324859355,0.00106954090028673,0.935132097946078,4.85248326857167e-05,0,0,0.0094695995906617,0,0.65386382028931,0.762378515630516
TCGA-F7-A620-01A,0.00490200928784572,0,0.00407377077829475,0.0243247584073211,0,0.947659694861525,0,0.00506934116974734,0.0107623945152114,0.00320803098005462,0,0.768340082139959,0.640057664974871
TCGA-CN-A49A-01A,0,0,0.107501172464265,0,0,0.885175005287747,0,0,0,0.00732382224798808,0,0.584520282793944,0.820998579802779
TCGA-CV-5430-01A,0,0,0.250095270012497,0.172352963605638,0.0093565527657529,0.353070945646681,0,0.0861233647490131,0,0.129000903220418,0,0.178817549057337,0.999653683595013
TCGA-F7-8489-01A,0.00594346994570577,0,0.00553764203328369,0.0247619980845929,0.00236202358197506,0.934054703814929,0,0.014718393217547,0,0.0126217693219666,0,0.694185804939907,0.721638844754851
TCGA-KU-A6H8-01A,0.000562592089383632,0,0.0822425295014179,0.0125399657175898,0,0.216380420285526,0,0,0.670565392894721,0.0177090995113614,0,0.51073877326526,0.860999513444527
TCGA-CR-7370-01A,0,0,0.139393415220722,0.0277852628437571,0,0.775229710062776,0,0.00190649305650102,0,0.0556851188162432,0,0.4438352611622,0.914720319078702
TCGA-CN-4735-01A,0,0,0.252519691593174,0.150617005034962,0.00466605250869161,0.475772512794101,0,0.0581557229783454,0,0.0582690150907255,0,0.350242140265476,0.939584620358367
TCGA-CN-A6V3-01A,0.00567808047702741,0,0,0.0114769472899268,0.00294506032649128,0.974061185277549,0,0.00583872662900576,0,0,0,0.690915681042747,0.728060804552558
TCGA-CN-5367-01A,0,0,0.0326398431191655,0.012465669041953,0,0.953344785663639,0,0,0.000515188750981236,0.00103451342426175,0,0.693085156250939,0.724071168432021
TCGA-CV-5431-01A,0.0103857594771658,0.00410121139407938,0.125398739850651,0.0925181078342501,0.0144434290471569,0.729131300197213,0.000888584517747,0.0123024421719813,0,0.0108304255097557,0,0.397821483377948,0.938134837462706
TCGA-F7-A622-01A,0.00334765123164179,0,0,0,0,0.996652348768358,0,0,0,0,0,0.706057092936017,0.7137131536556
TCGA-UF-A7JA-01A,0,0,0.0549480182994895,0.00223782656629125,0,0.929040641742042,0,0,0,0.0137735133921771,0,0.620204831344158,0.793991070967059
TCGA-CV-A6JD-01A,0.00210226743642299,0,0.118706857165181,0.0608505525820598,0,0.791541422243089,0,0.00504863449612967,0,0.0217502660771179,0,0.589360305101288,0.809360975701143
TCGA-CR-6481-01A,0.0204781521737007,0.0170491461077087,0.0304854957435674,0.225658223025343,0.0160587416573305,0.619666651522788,0,0.0293316451810024,0,0.041271944588559,0,0.38044871280546,0.937171357686868
TCGA-BA-A6DD-01A,0.00987651709102194,0,0.00942436143465235,0.0119955468614783,0.0015673160740279,0.962294452418233,0,0.00419884338327186,0,0.000642962737315005,0,0.776290838490501,0.630343403982468
TCGA-WA-A7GZ-01A,0,0,0.0041543226019939,0,0,0.989693176296571,0,0.00243822848012731,0.00371427262130784,0,0,0.737531665001819,0.677281087803492
TCGA-TN-A7HJ-01A,0,0,0.0013807281672971,0,0.000588806915203356,0.987524804011967,0,0.000313898026422162,0,0.0101917628791105,0,0.691791147453488,0.728481055115562
TCGA-UF-A7JC-01A,0,0,0,0,0,0.999248471011899,0,0.00075152898810104,0,0,0,0.79613203810553,0.605053039325667
TCGA-P3-A5Q5-01A,0.0286129729639555,0.0159133415396245,0,0.296108566945829,0.00663442425409197,0.652730694296499,0,0,0,0,0,0.39778710159963,0.933916483178319
TCGA-UF-A71A-06A,0,0,0.114151198099864,0,0,0.860364921768791,0,0.0116673176116373,0,0.0138165625197077,0,0.318056706651019,1.01879127002362
TCGA-D6-6515-01A,0.00423507461652116,0,0.0728763312001914,0.138250283684181,0,0.756314672569228,0,0.00655336082856439,0,0.0217702771013135,0,0.519611385567277,0.860025359437885
TCGA-BA-A4IG-01A,0,0.00429402612822259,0,0.000293015476847454,0.00054660400506936,0.985856687598631,0,0.00693804961637008,0,0.00207161717485999,0,0.680625205630703,0.740238359357711
TCGA-CV-7423-01A,0.00549879135354653,0,0,0,0,0.994224748909588,0.000276459736865121,0,0,0,0,0.746785300397653,0.66663766368843
TCGA-D6-8569-01A,0,0,0.00581350955290464,0.00926340768975023,0,0.970768731599339,0,0.00676873495886479,0,0.00738561619914151,0,0.751203614370175,0.660438954265713
TCGA-CN-6988-01A,0,0,0.00688503844326755,0,0,0.975684802707405,0,0.00387521234863717,0,0.0135549465006903,0,0.470165674282381,0.935089767827419
TCGA-CV-7424-11A,0,0,0.0238625511368958,0.00631776168576475,0,0.91594659263224,0,0,0.0407611238239829,0.0131119707211171,0,0.421133977118649,0.958943091130753
TCGA-CN-4740-01A,0,0,0.140961460765573,0.100034390965844,0.00230776944732151,0.692469225963896,0,0,0.0308037879818011,0.033423364875564,0,0.324165095087267,0.976847378756122
TCGA-CR-6487-01A,0.0738943140351107,0.0243575961576115,0.169594041459659,0.504712446397695,0.0849533717566966,0.00453623411961535,0,0.0506561998711487,0,0.0872957962024635,0,0.13221815310387,1.03671312538537
TCGA-D6-6826-01A,0,0,0.0878305066053787,0.111701063222842,0.00024746291947149,0.782352067741621,0,0,0,0.0178688995106873,0,0.501160341760766,0.875687835729739
TCGA-CN-6018-01A,0.0049272044511573,0,0.0385626681609244,0.0343807347974166,0.000114544479536152,0.902912673542096,0,0.00640897992944919,0.00719820914900582,0.00549498549041413,0,0.617472988763574,0.793558640810066
TCGA-CR-7367-01A,0,0,0.055604935960072,0.0162698957033374,0.00249359549637773,0.923002500464914,0,0,0,0.00262907237529886,0,0.377886610634828,0.993604571143695
TCGA-P3-A6T6-01A,0,0,0.00807072546741762,0,0,0.964514807859844,0,0.00149652840957118,0,0.0259179382631675,0,0.683506278769916,0.735073758299743
TCGA-CV-5435-01A,0,0,0.089480644431323,0,0,0.872395540444329,0,0,0.0142503646946197,0.0238734504297284,0,0.365572641705314,0.988994717373736
TCGA-BA-7269-01A,0,0,0.0333901158269295,0,0.000181165453210726,0.945328118577539,0.000336340727614466,0,0.00196895731228565,0.0187953021024204,0,0.525026422631942,0.881780383615769
TCGA-UF-A7JD-01A,0,0,0.530041502198262,0.00863037354932423,0.0106870938878023,0.336326134268281,0,0,0.0471456282067642,0.0671692678895669,0,0.141478427416894,1.01540423317501
TCGA-CR-6492-01A,0,0,0.0133731134769137,0.00912763794671982,0.00108985883187007,0.966175517305386,0,0.00351905149598575,0,0.00671482094312517,0,0.729044737312416,0.685730256809413
TCGA-CR-6482-01A,0,0.0760865306420102,0.204562340103267,0.273056913433978,0.047420398201595,0.29891311682129,0,0.0292115087297216,0,0.0707491920681387,0,0.390943649738083,0.920900982004226
TCGA-CV-7440-01A,0,0,0.1199160676449,0.0104466896868898,0.00403619375501896,0.784086642078854,0,0.00523495658949064,0,0.0762794502448465,0,0.426074765136419,0.928206090782877
TCGA-CV-A6K2-01A,0.00176142099280236,0,0,0.00632012554920676,0,0.989471588250795,0,0.00244686520719546,0,0,0,0.72402766759976,0.69284050500188
TCGA-CV-5441-01A,0.000522789536120868,0,0.0107248700412736,0,0,0.981990034186074,0,0.000193420016397032,0,0.0065688862201344,0,0.722918107133094,0.69357616307121
TCGA-CV-7178-01A,0.00112267958102374,0,0.0651589532049725,0.0596871870858585,0,0.84264080135986,0,0,0.0129107785162071,0.0184796002520783,0,0.496498668199226,0.886701453185291
TCGA-BA-5555-01A,0,0,0.0131495234059474,0.0217274468250943,0.000449332235568016,0.938742825412325,0,0,0,0.0259308721210653,0,0.531562092402463,0.874907180429817
TCGA-UF-A7J9-01A,0,0,0.249833242764911,0.0312877863663805,0,0.675211936527705,0,0,0,0.0436670343410038,0,0.282604068291876,0.997818615024052
TCGA-CV-7091-01A,0,0.00157958963733701,0.0175631546286766,0.00373773012934174,0,0.974805666364406,0,7.29388635255112e-05,0,0.00224092037671339,0,0.641227722555843,0.779478681665084
TCGA-UF-A7JS-01A,0.00103325968016903,0.000546009721630472,0.00126065566509319,0.00554504435741091,0,0.953433126494713,0.000113653220181186,0,0.0322057323440687,0.00586251851673395,0,0.868935495931728,0.506337199145558
TCGA-CV-5442-01A,0.00810781187182557,0,0,0,0,0.991737587492085,0,0.000154600636089087,0,0,0,0.678860546150993,0.742798508124184
TCGA-HD-7753-01A,0.0077630179879996,0,0.014938524234043,0,0,0.977298457777957,0,0,0,0,0,0.696451728307992,0.722421361466953
TCGA-CV-6940-01A,0,0,0.0229471472319418,0.000358878906213786,0,0.948747333039175,0,0.000650308378875039,0.0225008942796158,0.00479543816417895,0,0.574911447639408,0.838401148452466
TCGA-QK-A6IG-01A,0.00971086867162967,0,0.0300043553891193,0.000992973119842186,0,0.953001960833805,0,0,0,0.00628984198560388,0,0.81445202640926,0.582550998052021
TCGA-CN-6996-01A,0,0,0.0106842432554866,0.0637806827773485,0,0.888652614584887,0,0,0.0368824593822775,0,0,0.701117490208037,0.71305977644906
TCGA-CN-5361-01A,9.4607747849148e-07,0,0.097956816040787,0.0105576271505391,0,0.869801068990051,0,0,0,0.0216835417411448,0,0.45592949215056,0.922397498575773
TCGA-IQ-A61E-01A,0.00353473805141835,0,0.00891988998810735,0.00995015156549452,0,0.974924076443036,0,0.00211015536225431,0,0.000560988589689604,0,0.801112905059135,0.598859739309598
TCGA-RS-A6TO-01A,0.00618818405167376,0,0.0203327540758194,0.0285395040989642,0,0.939028285426869,0,0.00575548559178839,0,0.000155786754885005,0,0.735376140592321,0.677756298900788
TCGA-CN-A641-01A,0,0,0,0,3.13132942713986e-06,0.993727247909457,0,0.000760960903043007,0,0.00550865985807319,0,0.597368458548139,0.825495556115773
TCGA-CN-4741-01A,0,0,0.00466534634428176,0.0122995684954641,0.000976842924478792,0.976813167976612,0,0.00447059013019456,0,0.000774484128968556,0,0.555670771339051,0.861090096555856
TCGA-CV-6936-11A,0,0,0.0883210003463457,0.0439957736802102,0,0.789865271639642,0.000924490096145919,0,0.0403463746178097,0.0365470896198462,0,0.456163455238495,0.90804434678509
TCGA-CN-4734-01A,0.0127351879966237,0,0,0.00970738277268826,0,0.970581397979848,0,0.00697603125084022,0,0,0,0.744491869516796,0.668249513012366
TCGA-CN-4731-01A,0,0,0.0713979010746756,0.00325900086029526,0,0.921389661985811,0,0.0014317564297456,0,0.00252167964947273,0,0.620724289588338,0.792617281057094
TCGA-CQ-A4CG-01A,0,0,0.0438198948587551,0,0,0.946466505178426,0,0.00184777126332528,0,0.00786582869949382,0,0.636417325289696,0.780606607953979
TCGA-CX-7219-01A,0,0,0.0589561777256197,0.048790564502715,0.00118127610086815,0.881195994019565,0,0.000964994487486229,0,0.00891099316374561,0,0.448915909968166,0.930069768175811
TCGA-IQ-A61O-01A,0,0,0.733951245596256,0.0978689851293751,0,0.0981789743488826,0,0.00422971924924642,0,0.0657710756762396,0,0.115833388851048,1.01891193145322
TCGA-CV-6938-11A,0,0,0.20609461017011,0.0276548851898923,0,0.713086879525407,0,0.00165759722556214,0,0.0515060278890288,0,0.616660982792687,0.787811788340923
TCGA-T2-A6WX-01A,0.0174854148267278,0,0.00490239881234361,0.037552737170148,0,0.933866513375634,0,0,0,0.0061929358151467,0,0.785345129067494,0.620166836382676
TCGA-CQ-7068-01A,0.00161431232364958,0,0.00545949968180961,0.0548763460245153,0,0.926596328399036,0,0.00568436796849605,0,0.00576914560249306,0,0.742654120547311,0.669597723603494
TCGA-CV-7238-11A,0,0,0.0805818929665598,0.00276947859301885,0.0010763041115197,0.453945839200304,0,0.00156198330984902,0.422134964062968,0.03792953775578,0,0.485237459096244,0.874761995119254
TCGA-P3-A6T3-01A,0,0,0,0,0,1,0,0,0,0,0,0.821275415083069,0.570925787149042
TCGA-UF-A7JH-01A,0.0002448836054657,0,0.0310126850183465,0.00584317940426531,9.27988677353916e-05,0.946543159596497,0,0.00113138653138246,0.00962200947954276,0.00550989749676531,0,0.776523651244962,0.630321072014907
TCGA-P3-A5QA-01A,0,0,0.291819086585375,0,0,0.659775146329967,0,0.00438649419095917,0.0352239480711878,0.00879532482251145,0,0.210473089428148,1.03407352160586
TCGA-CV-7424-01A,0,0,0.364507757184948,0.0250012900529685,0.014929930928438,0.565704499960298,0,0.00719626773072838,0,0.0226602541426191,0,0.269792995895594,0.987008569153535
TCGA-CV-7177-11A,0,0,0.0124932525894962,0.00556450394198399,0,0.966687752652526,0,0.00490109718508005,0,0.0103533936309138,0,0.379721495191501,1.00488158905593
TCGA-CQ-6220-01A,6.12996806537968e-05,0,0,0.00558168306277869,0,0.992256812772748,0,0.0021002044838199,0,0,0,0.793288809837464,0.608774051734764
TCGA-UF-A71A-01A,0,0,0.128023402730307,0,0,0.792754211329566,0,0,0.0518813770414732,0.0273410088986534,0,0.456749975836281,0.908143448002908
TCGA-CR-6472-01A,0,0.0101475411760514,0.267672393339424,0.0103729072666416,0,0.555286329278393,0,0.0197530241773137,0,0.136767804762177,0,0.216149664019958,1.00961553311081
TCGA-T3-A92N-01A,0,0,0.00716934380439337,0.0227446511736784,0,0.965490648215017,0,0.00282197021562458,0,0.00177338659128635,0,0.558640893370574,0.856208461094783
TCGA-CR-6471-01A,0.00386880286069797,0.0020979367457312,0.00345189710579961,0.0116120219957559,0,0.977082547538159,0,0.00188679375385668,0,0,0,0.71640107730108,0.700529396493265
TCGA-CN-6024-01A,0,0,0.0708040981854794,0,0,0.895061124310401,0,0,0.0298296802232072,0.00430509728091204,0,0.650010611422718,0.76278102235856
TCGA-KU-A6H7-06A,0.0182638117319487,0,0.00936546411254623,0.0217022115491543,0,0.91373627967255,0,0.0170001536341708,0,0.0199320792996299,0,0.287304008670673,1.05548569715702
TCGA-BB-4217-01A,0,0.0561934760867438,0.0315144393464864,0.0153102059678719,0.0124991501980149,0.838554977719025,0,0.00710820504083264,0,0.0388195456410249,0,0.660457074065451,0.750859040799447
TCGA-CQ-A4CA-01A,0,0,0.0173962119991119,0.0329182637232565,0,0.828229261302117,0,0.00311927455050015,0.109626927894994,0.00871006053001998,0,0.821785013190459,0.590452693290759
TCGA-CV-7430-01A,0,0,0,0,0,0.995003743237757,0,0.00117115914501454,0,0.00382509761722828,0,0.54031027294353,0.878898325897211
TCGA-D6-A74Q-01A,0,0,0.0182699023225293,0,0.0064532184378197,0.971717533867686,0.00178725046179482,0.000883638118598185,0,0.000888456791572127,0,0.706198051304475,0.711383487723452
TCGA-CV-7255-01A,0.00667388172166834,0,0,0,0,0.990529623040306,0,0.00279649523802612,0,0,0,0.728015078106807,0.68834244376975
TCGA-CQ-6223-01A,0.00884823207635557,0,0,0.00105954340518601,0,0.987686046005019,0,0.00240617851343898,0,0,0,0.667508027529306,0.754277058012335
TCGA-CV-A460-01A,0,0.0166347767732825,0.108148540620944,0.123228955314367,0.0137316148769678,0.647205734964364,0,0.024885441721474,0,0.0661649357286017,0,0.287559732294187,0.989504888971043
TCGA-CV-7261-01A,0,0,0.0952005129498558,0.0181703514430802,0.00546518449366709,0.838010932245112,0,0.0069977991256697,0,0.0361552197426152,0,0.565549515977695,0.831723959341912
TCGA-CN-4736-01A,0,0,0.0704661089177701,0.0811609640934637,0,0.723031332359251,0,0.00594702178434639,0.0937008434029877,0.0256937294421814,0,0.678874714479309,0.739686151639724
TCGA-CR-7404-01A,0,0.00325111472110071,0.0927742061833878,0.110899153810452,0.0133635947777219,0.691525745019375,0,0.0118062530421433,0,0.0763799324458189,0,0.347655770973791,0.963200369665592
TCGA-UF-A719-01A,0,0,0,0,0,0.997765039466805,0,0.00223496053319502,0,0,0,0.702529314454848,0.7177518734846
TCGA-CV-7236-01A,0,0,0.0454658645996306,0.00394732726422656,0,0.92490767345707,0,0.00246359836000478,0,0.023215536319068,0,0.626721814988758,0.787390729725548
TCGA-CV-6951-01A,0.000604287124095329,0,0.0027008636858537,0,0,0.978602263535179,0,0,0.018092585654872,0,0,0.698293547106625,0.720532382084662
TCGA-CN-4728-01A,0,0,0.279844707842325,0.141931489325521,0.000947897791486056,0.493275915777841,0,0.00611117133900838,0.00894174064614215,0.0689470772776761,0,0.201251705917062,1.00799230848676
TCGA-CV-7090-01A,0,0,0.0445032896521337,0.0499186951645822,0,0.875301068265721,0,0.000532312013164193,0,0.0297446349043991,0,0.695270806210653,0.718701580523743
TCGA-CV-5979-01A,0.000726480603925704,0,0.000403419157367302,0,0,0.997289291537316,0,0.00158080870139139,0,0,0,0.820007371445272,0.572780849979448
TCGA-CQ-7069-01A,0.00787371980877946,0,0.0137064564924334,0,0,0.953173591347388,0,0.00447923832266264,0,0.0207669940287365,0,0.670607133474201,0.747311117584077
TCGA-CN-4733-01A,0.0106261371369672,0,0.0530491186923577,0.116092292019266,0.0144200400330378,0.751230355678731,0,0,0.00973887505329135,0.0448431813863495,0,0.629274464676123,0.777273389130856
TCGA-CR-7390-01A,0,0,0.0167972415905335,0,0,0.980476818512518,0,0,0,0.00272593989694896,0,0.6766718026988,0.743858827114522
TCGA-CV-A45X-01A,0,0,0,0,0,0.998246954981333,0,0.00175304501866714,0,0,0,0.64635535695222,0.777657798312381
TCGA-IQ-A6SH-01A,0.00207618117789102,0,0.00834280155912953,0.0137341130660378,0.000369018388083295,0.968631664672621,0,0.000744832569361073,0,0.00610138856687636,0,0.804043354456712,0.59526038693504
TCGA-CV-6962-11A,0,0,0.125454576521969,0.0185569449752863,0,0.823763081451399,0,0.0093668716824372,0,0.0228585253689087,0,0.352326200255702,0.986209928848594
TCGA-CV-6960-11A,0,0,0.0415371350509538,0.027636777707066,0,0.922437871256316,0,0.00142822934608891,0,0.00695998663957551,0,0.386813691387043,0.986820572612509
TCGA-CV-A464-01A,0.00276134922844535,0,0.0818997977194216,0.00804091165416705,0,0.805407541880962,0,0.00236682651763062,0.0663718541947374,0.0331517188046361,0,0.642696700073124,0.766042689817287
TCGA-C9-A47Z-01A,0.00800026723898009,0,0,0,0,0.990481848815289,0,0.00151788394573133,0,0,0,0.751485357582976,0.660834827083392
TCGA-CN-6010-01A,0,0,0.0971283035023172,0.0291898759184481,0.0119029061864162,0.78475860977516,0,0.000803277517216652,0,0.0762170271004415,0,0.333796107789754,0.989332936610503
TCGA-WA-A7GZ-11A,0,0,0.0587278443333396,0.00493678497260481,0,0.141168738938806,0,0,0.778707319111092,0.0164593126441571,0,0.46530053015652,0.88601199557873
TCGA-CV-7235-01A,0.0126549204607349,0,0.1880060339267,0.0640580676551956,0,0.656088971312402,0,0.00353706825451657,0,0.0756549383904513,0,0.432741382664703,0.907968381489096
TCGA-CX-7086-01A,0.00576415873291304,0,0,0,0,0.99163419573744,0,0.00260164552964696,0,0,0,0.730449322705783,0.685619353892807
TCGA-CV-6935-11A,0,0,0.0546867132258016,0.0289539845292831,0,0.890062887159971,0,0.00257906708628235,0,0.0237173479986624,0,0.364299832276752,0.994572566664387
TCGA-P3-A6SW-01A,0,0,0.0562819959830728,0.114813142334235,0.0547882414535794,0.648414007152011,0,0.0147784420344379,0,0.110924171042663,0,0.303363685819364,0.982359109379924
TCGA-HD-A6HZ-01A,0,0.00136811485747359,0.0203640228765534,0.0470668674843015,0.0103297040789723,0.855303118741322,0,0.00329761355023381,0.0384003125535025,0.0238702458576408,0,0.65241125964519,0.758542519276493
