"","B.cell","Dendritic","Endothelial","Fibroblast","Macrophage","Mast","myocyte","other","T.cell","tumor"
"TCGA-BB-4224-01A",0,0,0.00827493662943711,0.015610874314302,0.00233942338197561,5.05214848586712e-05,0.00397272453072608,0,0,0.969751519658701
"TCGA-H7-7774-01A",0.000551447584888167,0,0.00581827350818527,0,0,0.000168695976608841,0,0,0,0.993461582930318
"TCGA-CV-6943-01A",0.00650355129250007,0,0.0162488906137368,0.0979866335124363,0.0744563381913795,0.00037101560247771,0.0010720503964832,0,0,0.803361520390986
"TCGA-CN-5374-01A",0.00647061614187216,0.0048724497178319,0.0235782059015862,0.0176385974666614,0.0130378910139426,0.000300670283794791,0.0143823555066174,0,0,0.919719213967694
"TCGA-CQ-6227-01A",8.04266213566302e-06,0,0.0234084997798739,0.17987378343071,0.00272960775810505,0.000341541868879863,0.0713234923835748,0,0,0.722315032116721
"TCGA-CV-6959-01A",0.00204039649736114,0,0.0191549871522278,0.0264664517597937,0.00991295430465414,0.000123170339345265,0.0762125892101603,0,0,0.866089450736458
"TCGA-F7-A61V-01A",0.000623209255151072,0,0.00670195631909033,0,0,0,0.0267953056563151,0.0234932471296622,0,0.942386281639781
"TCGA-CV-7413-01A",0.000192182143428479,0.000115038328782046,0.00984736789803847,0.0571488398973306,0.00465779308469063,7.23788830026392e-05,0,0,0,0.927966399764727
"TCGA-CV-7247-01A",0,0,0.0173438729489912,0.039542924332607,0,0,0.083668962641147,0,0,0.859444240077255
"TCGA-CR-5249-01A",0.00991424706450962,0.00534088655017536,0.0167342466622563,0.0151826344766674,0.0179137506361802,0.000748618638445813,0,0,0.00199945524305576,0.93216616072871
"TCGA-CQ-5331-01A",0.00100166335417491,0,0.0199420501171591,0.00957325311821473,0.014020057448984,5.35707755114288e-05,0,0,0,0.955409405185956
"TCGA-BB-8601-01A",0.00227101129693291,0,0.00785665394332502,0.00119730285216509,0,0.000228418005925751,0,0,0,0.988446613901651
"TCGA-CV-A45W-01A",0.049210968085546,0.000171801411027003,0.0387601950236943,0.0745729029697296,0.029802872782645,0.000522559244895261,2.39545539181812e-05,0,0,0.806934745928545
"TCGA-CQ-7063-01A",0,0.000828159260444712,0.0127624217174666,0.0158436345253921,0.0126823267209341,0.00044500568675294,7.35405779287661e-05,0,0,0.957364911511081
"TCGA-CN-5373-01A",0.000246775262089757,0.00168938810392347,0.0131091763620844,0.0542304431728651,0.00601734118764462,0.000297761333163278,0.00137963418137974,0,0,0.92302948039685
"TCGA-CV-A45T-01A",0.00545980834246574,0.00322005266172589,0.0213951559258123,0.0695106452938974,0.0169644845611273,0.000221739150404299,0.0180201084534208,0,0,0.865208005611146
"TCGA-HD-A4C1-01A",0.000929055537970247,0,0.0115445852588933,0.0186572452175867,0.00129766614907972,0,0,0,0,0.96757144783647
"TCGA-CV-7438-11A",0.00367873397551459,0,0.0145231412716382,0.0096049954967632,0.00864844451877715,0.000306352456733801,0.0048244341455068,0,0,0.958413898135066
"TCGA-CV-5444-01A",0.000812011661574233,0,0.0186634008640701,0.184416220574491,0.0806888320006358,0.000144854319459441,0.0885827398671784,0,0,0.626691940712591
"TCGA-BA-5556-01A",0.00256719767168571,0.00139259663521508,0.0167646595085379,0.0138676136320371,0.0369966226540631,0.000206997840231821,0,0,0,0.928204312058229
"TCGA-P3-A6SX-01A",0,0,0.00603285075351107,0.0237276294857363,0,5.92158774521621e-05,0.0123445050271556,0,0,0.957835798856145
"TCGA-CV-7242-11A",0.000215000428686071,0.000622739560632139,0.0199777443154505,0.027528718784561,0.00456307887052502,0.000121801535390531,4.04485734104413e-05,0,0,0.946930467931344
"TCGA-DQ-7592-01A",0,0.000644583336628375,0.00691138787686719,0.017125989516547,0,0.00021928080385898,0.00990344660942391,0,0.00187145772666888,0.963323854130006
"TCGA-CV-6937-01A",0,0,0.0074126801975232,0.106803601863982,0.00671060663441403,3.88060924240949e-05,8.88902924848412e-05,0,0,0.878945414919172
"TCGA-QK-A8ZB-01A",0.0133399723461454,0,0.00907959186589321,0.0434009416578097,0.00212402743146986,0.000334368508668915,0,0.0154403746335798,0,0.916280723556433
"TCGA-CV-7432-01A",0,0,0.00323601756299301,0.00395955106370483,0,5.75103271271389e-05,2.52731079461495e-05,0,0,0.992721647938229
"TCGA-CV-7089-01A",4.74190934197623e-05,0.000557614722237282,0.0158644788216443,0.00499228396458746,0.000975695299548986,0.000504488269998356,0,0,0.00014860450979823,0.976909415318766
"TCGA-CV-6939-11A",0.000717331885579938,0,0.0337188070657356,0.0906231639095508,0.00446016908332711,0,0.854607262417132,0.0155544298510798,0,0.000318835787594613
"TCGA-BA-4075-01A",0,0,0.00606125482126822,0.0381843092881042,0.001897884586636,2.27144848310264e-05,0.00587854449498564,0,0,0.947955292324175
"TCGA-T3-A92M-01A",0.00723126930967003,0,0.0126719750504114,0.105016885643322,0.0183560804566285,0.000108443844656883,0,0,0,0.856615345695311
"TCGA-BA-4078-01A",0.000468568010110235,0,0.0251228877821325,0.156271498906756,0.0477369673813977,0.000206209693890221,5.64805797570244e-06,0,0,0.770188220167738
"TCGA-CV-7100-01A",0,2.236460780919e-05,0.0202141951003412,0.118964055438169,0.0223383159849761,0.000100077354749749,0,0,0.00178781731113881,0.836573174202816
"TCGA-MZ-A7D7-01A",0,0,0.00299681983455555,0.00219844365450019,0,3.94913437758517e-05,0,0,0,0.994765245167168
"TCGA-QK-A652-01A",5.88163071400256e-05,0.00141254832279804,0.0150771897754659,0.0205046685215343,0.000230190119235135,0.000474915531161989,0.11126238705062,0,0.00344958609089284,0.847529698281151
"TCGA-CV-6433-01A",0.00495744965858762,0,0.0108144746759386,0.04785968746343,0.111550937097494,0.00013178878923174,0.000256327609901943,0.00336090770407089,0.0167039291626692,0.804364497838676
"TCGA-CV-7416-01A",0,0,0.0142219914817029,0.104086374892352,0.0102491695678797,0.000104700249778875,0,0,0,0.871337763808287
"TCGA-CV-A6JY-01A",0.00140720081661487,0,0.00750956496414525,0,0,0.000255660430530321,7.71460129680297e-06,0,0,0.990819859187413
"TCGA-CR-7399-01A",0.0010143675778802,0.00240832738623675,0.0146610038421506,0.0605771066028177,0.111139243826772,8.48444482632759e-06,0,0.011504247553484,0.0092897078648988,0.789397510900933
"TCGA-CV-7568-01A",0.000339070036693029,0,0.0076313451924632,0.130890673264033,0.00132191104693709,5.81509220811001e-05,0.0211957773707721,0,0,0.83856307216702
"TCGA-KU-A66S-01A",0.00384023268359526,0,0.0439932927061798,0.153757624565716,0.000328249993040157,0.00263207822060773,0.000113014834302474,0.0269453919418308,0.00824761553960279,0.760142499515125
"TCGA-QK-A6VC-01A",0.00605886090486348,0.000876877345267772,0.0168649417020944,0.0307353163843612,0.0194974183188236,0.000192400478214622,0,0.00122512257867745,0.00685094138736993,0.917698120900328
"TCGA-CN-6998-01A",0,0,0.0025872112123096,0,0,2.06160388919531e-05,0.00474851297021945,0,0,0.992643659778579
"TCGA-CV-6941-01A",0.00108252312026088,0,0.00548386817228311,0.100569367849729,0.00433776611554316,0.00068361872643336,0.00049207731263466,0,0,0.887350778703116
"TCGA-CN-4727-01A",0,0.000147482357507348,0.0101519899763811,0.0561323793397226,0.000340208368074356,3.86013734746021e-05,0.00147181663040957,0,0.000830733897903373,0.930886788056527
"TCGA-BB-A5HY-01A",4.91931027397378e-06,7.21703551050265e-05,0.0051216835666353,0.0636627406266638,0.00127753317930583,8.73963997588363e-06,0.00148568517190462,0,0.00156868306925222,0.926797845080883
"TCGA-CV-7263-01A",0.00453387221377539,0,0.0317046345221368,0.10586649315953,0.0214154802208555,0.00042910087515672,0.0558603523365095,0,0,0.780190066672036
"TCGA-H7-A76A-01A",0.0141672675819212,0,0.00293829500256039,0.135747867255138,0.119773762667263,0.000422657291390289,0,0,0,0.726950150201727
"TCGA-CN-4723-01A",0.0114825975310162,0,0.0184032897037056,0.116746416510773,0.0185361583137461,0.00030738234718162,0,0,0,0.834524155593577
"TCGA-CN-6997-01A",0.00032525115059448,0,0.00977219775826326,0.0665083818737964,0.00267833162811381,0.000456479559471336,3.35615228205195e-05,0.000349815913432126,0.00477589872088495,0.915100081872623
"TCGA-CN-5364-01A",0,0.0003874899683682,0.00810480304914788,0.0151116841394882,0.000436939287138847,7.60199100473458e-05,0.0175851127245069,0,0,0.958297950921303
"TCGA-CN-A63V-01A",0.000111440520267075,0,0.00609090901881675,0.131518999093055,0,0.00014974661117574,0.000354990237039011,0,0,0.861773914519646
"TCGA-CQ-5325-01A",0.0136754425141954,0,0.0213850327249311,0.0239132650017356,0.0936647957988544,0.000811762007481349,0.1196975901812,0,0.000779291599617399,0.726072820171985
"TCGA-CR-7386-01A",0.000114061531880918,0,0.0106468698224238,0.13887443336034,0.0562936336097113,0.000423274933766002,0.00418686534099172,0,0,0.789460861400886
"TCGA-CX-A4AQ-01A",0.00709022518591763,7.38596960884759e-05,0.0366881507477357,0.0894280086578801,0.232960690523598,2.45691743411839e-07,6.80531145888521e-05,0,0,0.633690766382448
"TCGA-QK-A64Z-01A",0,0,0.00683281558524485,0.00579789473836765,0,0.00022465825025116,0,0,0,0.987144631426136
"TCGA-BB-4225-01A",0.022957552639685,0.00246577837401336,0.0246432512339998,0.0718809599239506,0.0873766812192739,6.74119356175216e-05,0.000591961342084893,0.016604024219627,0,0.773412379111748
"TCGA-CV-7183-11A",0,0,0.0144607221324677,0.000471941591823803,0.00155371823136115,2.8378925543857e-05,3.34205968413422e-05,0.00148873786803246,0.000569531688219867,0.98139354896571
"TCGA-T2-A6WZ-01A",0.00737050275449041,0,0.00857777293141568,0.0147434292295904,0.000616196281363135,5.07227246957315e-05,0.000329452682027044,0,0,0.968311923396418
"TCGA-HD-8314-01A",0.00234600517358298,0,0.0170663446166739,0.0994497555718058,0.0794349930780889,0.000390760211137948,0.272620145759594,0.0428933593171447,0,0.485798636271972
"TCGA-CR-6473-01A",0.00137190519937932,0.00188837781095882,0.0114603095345432,0.0286728692009321,0,7.02511554047915e-05,0,0.00214084746912525,0.0039828093194329,0.950412630310224
"TCGA-CN-A642-01A",0,0,0.00226029192184403,0.0472337942781141,0.0557144781409393,0.000287266069531245,0.0209593770118791,0,0,0.873544792577692
"TCGA-BB-A6UO-01A",0,0,0.00826954980079257,0.0453460110550264,0.00110693466943417,9.1147954512248e-06,0,0,0,0.945268389679296
"TCGA-DQ-7591-01A",0.0100786797435337,0.00272726326516342,0.0181530762149852,0.0271213248717653,0.087535622248326,1.85815702904938e-05,0.004477883611795,0.00203059157738441,0.0237431863938995,0.824113790502857
"TCGA-CR-7398-01A",0.000519411833916031,0,0.0113259276930904,0.115130717186577,0.00963100289574232,0.00223434006191434,0.00013755951819147,0,0,0.861021040810568
"TCGA-HD-8634-01A",0,5.72071352144167e-05,0.0100114771935342,0,0,6.09883826644018e-05,0.00279884869585643,0,0,0.98707147859273
"TCGA-CR-7372-01A",0.000454497895553499,0,0.0181433281032561,0.0481596381589969,0.000944489568415741,0.000598097883491758,0.00694412998470317,0,0,0.924755818405583
"TCGA-HD-8224-01A",0,0,0.024614570315409,0.0698629424247339,0.00256701942667435,0.000233115458069777,0.462025281846998,0.00944186621932301,0,0.431255204308792
"TCGA-BA-4074-01A",0.000367785125136215,0.000264149039092854,0.0136790910976442,0.125547760675277,0,1.49807865581684e-05,0.000625521775293545,0,0.00344327677360956,0.856057434727388
"TCGA-CV-6961-11A",0,0,0.0104491899031253,0.0115017167089122,0.00174007347415414,5.06593372633261e-05,0.0235988629564272,0,0,0.952659497620118
"TCGA-BB-A5HZ-01A",0.00120042449623443,0.000100543474272491,0.0125147900287579,0.0187860243749308,0,0.000133950949209247,0.000121761729330825,0,0,0.967142504947264
"TCGA-CQ-5332-01A",0.00104067775806517,0,0.00678580432452308,0.0554946051442984,0.00714131182464826,0.000174769028903227,4.67774664612496e-05,0,0,0.929316054453101
"TCGA-CR-7380-01A",0.00112930957388013,0,0.0109170381884487,0.0577376655517555,0.00334485776369533,0.00162355015271349,0,0,0,0.925247578769507
"TCGA-CV-6936-01A",0.00558054817699463,0,0.00871162339650375,0.0425724867334426,0.00867214470963355,0.000104305006441921,0.000117441826587877,0,0,0.934241450150396
"TCGA-MZ-A6I9-01A",0.01079557770736,0.000469820406721187,0.0363248916697205,0.00737703365405268,0,0.000242235354789995,0.00135553558723702,0.0101352453842724,0,0.933299660235846
"TCGA-QK-AA3J-01A",0.00262640630726263,0,0.0263372420322568,0.00396965401509103,0,0.000234764108275956,0.00294327835253331,0,0.00497448823967385,0.958914166944906
"TCGA-BA-4077-01B",0.000778892084114917,0,0.00827890575572873,0.0391272786906259,0.0475559946814975,0.000239038497840745,0.000818088473402685,0,0,0.90320180181679
"TCGA-CQ-A4C7-01A",0,0,0.0240953582817477,0.161738759920408,0.00229847650129873,6.05210219486845e-07,0.0239970354780239,0,0,0.787869764608302
"TCGA-CV-7422-01A",0.00040617009180414,0.000559564616494716,0.0154737611442317,0.038381012678102,0.00125798249194493,0.00011118987641287,0.00304361661195621,0,0.00443266069645078,0.936334041792603
"TCGA-CQ-A4CB-01A",0.000436798773573546,0,0.0216617623027483,0.105894332512726,0.00674504782391471,7.0689931307367e-05,0,0.0194370489275747,0,0.845754319728155
"TCGA-F7-7848-01A",0.00843401802588431,0,0.0244516058392137,0.0609427979297646,0.0192714122064061,0.000233933232590193,6.03085843964698e-05,0.0811774921495794,0,0.805428432032165
"TCGA-CR-7392-01A",0.0220521175195352,0.00189291021884454,0.021635045441467,0.146493708036534,0.0134375654812439,0.000853731491749731,0.0027546987302354,0,0,0.790880223080391
"TCGA-CV-7178-11A",0.00149881012589077,0,0.019639396863963,0.100981731760608,0.0092698269690554,0,0.00743185798721389,0.412462059577577,0,0.448716316715691
"TCGA-QK-A6VB-01A",0,0,0.00863084080970708,0.0236609108360037,0,5.69824532811956e-07,0.000204926650778929,0,0,0.967502751878977
"TCGA-CX-7082-01A",0.000106055121867939,0,0.0148042540962698,0.0291179002627087,0.00195522194154158,6.80696256043281e-05,0.030019373058248,0,0,0.92392912589376
"TCGA-CV-7414-01A",0,0,0.00941618601469464,0.0272109803832333,0,0.000369613647566033,0.00312751057616168,0,0,0.959875709378344
"TCGA-CN-A63W-01A",0,0,0.00588293822287602,0.00940417329696741,0.000563330877888539,9.65559699045577e-05,0.00190030462558788,0.00168262803373967,0,0.980470068973036
"TCGA-BA-5557-01A",0,0,0.0109213277641448,0.0805270897518314,0.0352604047458568,9.62098589479694e-05,1.891510003854e-05,0,0,0.873176052779181
"TCGA-CV-7435-01A",0.00613193245393444,0,0.00645776155653113,0.187366031541207,0.018601610804151,0.000270588070806338,0.0109034343914379,0,0,0.770268641181932
"TCGA-UF-A7JT-01A",0.00320463829441295,0,0.0176200267064104,0.0426482478614323,0.0706558669328841,0,0.000348352076939438,0,0,0.865522868127921
"TCGA-QK-A6IF-01A",0.0222202069681685,0.00690346939955456,0.0260328420006268,0.160355148783843,0.137353787313722,0.000457253554636381,0.00140582030637819,0.00705630490807757,0,0.638215166764993
"TCGA-QK-A6IJ-01A",4.06551264371872e-05,0.000266845395828705,0.00586547376612517,0.00778591019770099,0.00129692263446463,0.000105168289333329,0.00011101262169105,0,0,0.984528011968419
"TCGA-CV-7248-01A",0.022659611949267,0.000289661854071203,0.0405245822629151,0.0833660875387101,0.0120617929871055,0.000133633619424933,0.00203902495544522,0.0122182636008792,0.00039799839578532,0.826309342836396
"TCGA-CV-7101-11A",0.000373523519909446,0,0.00212825909464989,0.0131641502819631,0,0,4.00969272215034e-05,0.220589626089171,0,0.763704344087085
"TCGA-H7-A6C4-11A",0,0,0.0153583646492123,0.0484909610124822,0.0059511795584134,0.000125038867611839,0.65683397096563,0.00119131783525464,0,0.272049167111396
"TCGA-CV-6942-01A",0.00736601974681631,0,0.0303498915796514,0.0677239169967789,0.021694367927043,0.000746034273094752,0,0,0,0.872119769476616
"TCGA-RS-A6TP-01A",0,0,0.00250358783886942,0.00771919934358253,0,1.57881149620792e-05,0,0,0.00191109381271738,0.987850330889869
"TCGA-CV-7091-11A",0,0,0.0329849569131436,0.0915985273504597,0.00293840110048939,0,0.866807663991518,0.00567045064438913,0,0
"TCGA-D6-A6EM-01A",0.00263152166604122,9.80934526094486e-05,0.0230606788709001,0.00772682880494924,0.0391285496559825,0.000185061383755126,0.173896347948045,0,0,0.753272918217718
"TCGA-CV-7101-01A",0.017321982435188,0,0.0183962552753101,0.0275379100279771,0.0109877818994154,0.000187254262681263,0.000363976661146876,0,0,0.925204839438281
"TCGA-CR-7371-01A",0.00184754997805592,6.90226366137583e-05,0.0245335124769304,0.0535515499398683,0.0191484165496023,0.000332861156577711,0.00105790197351894,0.0528012882686721,0,0.846657897020161
"TCGA-CQ-5329-01A",0.00154432608974171,0.000348054849045301,0.0135904189997498,0.136248312502314,0.0516979503417137,0.000227415433104764,0.00670245528974498,0,0,0.789641066494586
"TCGA-H7-8502-01A",0,0,0.0110935118488155,0.047489387688181,0.00197901963886546,2.59230627937721e-05,0.000308473412096982,0,0,0.939103684349247
"TCGA-CN-6989-01A",0,0,0,0.185285047566127,0.0895182532487047,0.000217962054590466,0.047097694874237,0,0,0.67788104225634
"TCGA-CN-5360-01A",0.01119581874553,0,0.0395745053239951,0.0535276718260055,0.0808302742981539,0.00013656065373505,0.067664843530359,0.0386770513302643,0,0.708393274291957
"TCGA-CV-7097-11A",0.0114153304390554,0,0.0422393502059379,0.173188420615009,0.0503915765411099,0.0007774367741305,0.593260438543954,0.107764983025299,0,0.0209624638555035
"TCGA-CV-7429-01A",1.79999190402388e-05,0,0.049972123083077,0.180626396679076,0.0362794995117005,4.1225365349071e-05,0.022535654930385,0,0,0.710527100511372
"TCGA-H7-A6C4-01A",0.00193220362074948,0.000862142289309986,0.0091775964675156,0.0122645703671162,0.00179115731543192,0.00101378814569888,0.0884408927750226,0,0,0.884517649019155
"TCGA-BA-5153-01A",0.0106745477223581,0.00225707797733925,0.0260982705491292,0.0697174234802982,0.0647307644391944,0.000203668914142905,0,0.00548877409625298,0,0.820829472821285
"TCGA-BB-8596-01A",0.000187609869315502,0,0.0290843468054193,0.230977802424282,0.0607218011901797,0.000486725148774984,0.0176812653971148,0.0751524882590314,0,0.585707960905882
"TCGA-CR-7369-01A",0.00297358844722064,0.000295803137054823,0.0122549361708183,0.0247713222224285,0.00287376733850948,0.000846439427180843,0.000383483562078473,0,0.00275109328897008,0.952849566405739
"TCGA-CQ-7071-01A",0.00132153183342947,0,0.00839652935666669,0.00915948605853789,0.00429002431699875,6.77489255678473e-05,0,0,0,0.976764679508799
"TCGA-BA-A6DB-01A",0.0015219805842895,0.00337999827167642,0.0258024630076491,0.0341215415514882,0.0184436156475366,0.00137047965080665,0.116958111871727,0,0,0.798401809414827
"TCGA-CV-A6K1-01A",0,0,0.00999420986256025,0.0107348251222089,0,6.42196264858901e-05,1.30497483794488e-05,0,0,0.979193695640366
"TCGA-MT-A51X-01A",0,0,0.00881845803349628,0.0166172698231414,0,0.000173832453010776,0.00701295315751473,0,0,0.967377486532837
"TCGA-4P-AA8J-01A",0.00498903827739594,0,0.0177721047073591,0.192116864718007,0.0118866817349745,0.000293356645296547,0.0282248135079533,0,0,0.744717140409014
"TCGA-CV-5439-01A",0.000260530449897733,0,0.00940079995886313,0.00216309029358972,0.00281517245304758,8.64635165919673e-05,4.70948340058375e-06,0.000540674046283437,0,0.984728559798326
"TCGA-BA-A4IF-01A",9.89704528263577e-05,0,0.00817315601197541,0.0326593719285361,0,1.63849872574871e-06,0.00654921813565398,0.00915198024793521,0,0.943365664724347
"TCGA-D6-A4Z9-01A",0.000704860564339915,0,0.00974949800907368,0.00518267353545798,0,0.000128578124503781,0.00528778353859124,0,0,0.978946606228033
"TCGA-CV-7437-01A",0.000437327684585931,0,0.00322243113552386,0.0193303743618997,0,7.09226737538517e-05,6.16184833163363e-06,0,0,0.976932782295905
"TCGA-CR-6484-01A",0.00823731241879699,0.000526499473016652,0.0192263216867128,0.131443365331818,0.103272932007134,0.000364980470624414,0,0,0,0.736928588611897
"TCGA-CV-7245-01A",0,0,0.00667010801773945,0.0184022621367584,0,0.000198262569130738,0,0,0,0.974729367276371
"TCGA-CQ-5327-01A",0.000472567120832257,0.000376058930052308,0.0125191508432586,0.0095530267257704,0.0133640308637892,9.16523968962354e-05,0.00517387563431191,0,0,0.958449637485089
"TCGA-DQ-7588-01A",0,0,0.00192734498633375,0.00168187141319562,0,6.30774819714552e-06,1.05573771898091e-05,0,0,0.996373918475084
"TCGA-CR-7373-01A",0.00437334709747876,0,0.00953785852027169,0.0611669438699902,0.00900877957775942,7.85544821075978e-05,0,0,0,0.915834516452392
"TCGA-CX-7085-01A",0.0184422450167968,0,0.0111112027067414,0.140123344120513,0.0497750655108172,0.000333196472489361,0.0405285217377707,0,0,0.739686424434872
"TCGA-F7-A50J-01A",0.000270887093064336,0.000470819805918975,0.00602490835261313,0.0172033086977596,0.00110686259429505,0.000114820796466272,0.000690017811954669,0,0,0.974118374847928
"TCGA-CQ-6228-01A",0.00168775441412611,0.000258116535444699,0.0104929345341254,0.0546482393580772,0.00549088049573698,9.79998402697395e-05,2.70053338924035e-05,0.00010944579938588,0.00105978344221719,0.926127840246724
"TCGA-CQ-6222-01A",0.000165461963649467,0,0.0156957476042953,0.0175516881082003,0.00297005672415141,0,0.364342241684815,0,0,0.599274803914889
"TCGA-IQ-7630-01A",0,0,0.00408938498791603,0.036731641871319,0.00189475449474752,6.07828096187042e-05,0.000165532319087279,0,0.00176870894710792,0.955289194570204
"TCGA-CV-7103-11A",0,0,0.0265886314205447,0.0315749917705071,0.00299856170312834,0.000209654076466503,0.0640734941082072,0.00372560285668517,0,0.870829064064461
"TCGA-D6-A6EP-01A",0.0125972559042193,0,0.0226718696288321,0.844926606982056,0.0162484375300444,3.32131201837391e-05,0,0,0,0.103522616834665
"TCGA-CV-7250-11A",0.000716046516781673,0,0.0148622639510952,0.00413251052409811,0.0348792609385,0,0.644451965163079,0,0,0.300957952906446
"TCGA-D6-6825-01A",0.000456268296378785,0.00184779612775763,0.0155340288410975,0.0257665793469427,0.0176565884776172,0.000343453408785771,0.00493153261375507,0,0,0.933463752887665
"TCGA-CV-5432-01A",0.00386870816608071,0,0.0127889517802597,0.0101548308963526,0.00125042074224473,0.000437111174918366,0.00214496502394259,0.000498412221689421,0,0.968856599994512
"TCGA-CN-6013-01A",0.00126369892052361,0.000352875722360543,0.0131974680837631,0.0028915843321686,0.0715502265942691,9.38494051048509e-05,0.00831107097005044,0,0,0.90233922597176
"TCGA-CV-6939-01A",0.00627638822667964,0,0.0391803955616666,0.114809705102541,0.0775672717641272,0.000624828802298718,0.000182112480208172,0.123024136780172,0,0.638335161282306
"TCGA-CR-6477-01A",0.00176895725223329,0.000526770154802522,0.00884098122075963,0.0964617614409978,0.016212826785087,0.000466714594735598,0.000824682747119984,0,0,0.874897305804264
"TCGA-WA-A7H4-01A",0.00242442883098692,0,0.0220635347539053,0.111372164872783,0.00192746494904351,0.000305823972122902,0.0960430885149911,0.0298020831456202,0,0.736061410960547
"TCGA-CN-5358-01A",0.0160300017066364,0,0,0.171925101677341,0.103705919143383,0.00136789903481543,0.053347586307817,0,0,0.653623492130007
"TCGA-CR-7397-01A",0,0,0,0.255581465580647,0.0303907157993599,0.000677989943363226,0.0142672047205549,0,0,0.699082623956075
"TCGA-F7-A61W-01A",0,0,0.00656385351406142,0.0169874240263345,0,3.82643018515262e-05,0.00657664632782752,0,0,0.969833811829925
"TCGA-BA-5558-01A",0.000281632496493664,0,0.0142389291879589,0.00901475813892727,0.00364396878189706,0.00096828246058902,3.55409003369161e-06,0,0,0.9718488748441
"TCGA-CV-5976-01A",0,0,0.00978221017941369,0.0306465749572641,0,1.8994188459128e-05,0.0407528185096074,0,0,0.918799402165256
"TCGA-CV-6954-01A",0,0,0.00891389993685422,0.0393807530383263,0.018020313628462,2.09272621734351e-06,1.62948118361756e-06,0,0,0.933681311188957
"TCGA-CR-7395-01A",0.0032183355930255,0.0024949773011549,0.0156506998679983,0.0148640047466072,0.0149511035432091,0.000331019853130618,0.000153413457520362,0,0,0.948336445637354
"TCGA-CV-7411-01A",0.000515918424317898,0,0.00848107919498852,0.0043819279110973,0,6.34926183133434e-05,0,0,0,0.986557581851283
"TCGA-D6-A6EQ-01A",0.000188717341027623,6.31116858024833e-05,0.0114661832553947,0.0164829748235026,0,0.000208827249474637,0,0,0,0.971590185644798
"TCGA-CV-7095-01A",7.49950834582759e-05,0,0.00479013006959408,0.00210180357004055,0.000346432597249939,0,0.00745631223817508,0,0,0.985230326441482
"TCGA-CV-A463-01A",0,0,0.00763725191477502,0.00422433880237194,0,4.27090250898479e-05,0,0,0,0.988095700257763
"TCGA-CN-4722-01A",0.00483438431338854,0,0.0189537818131031,0.0273515128989431,0,0.000145602570273433,0,0,0,0.948714718404292
"TCGA-QK-A8Z7-01A",0.00346396295340384,0.00115746321465405,0.0209787588085066,0.0430518409741235,0.00104873005568407,0.000234343595047757,0.000336024376360059,0.00410644090622329,0,0.925622435115997
"TCGA-CV-6961-01A",0,0,0.0109687222049194,0.0655034423763064,0.024674940002188,0,0.133453855759002,0,0,0.765399039657584
"TCGA-CN-5365-01A",0,0,0.00489161360555163,0.00189751992359237,0.0013919239453736,2.58934835729787e-05,0,0,0,0.991793049041909
"TCGA-CR-5248-01A",0.0193723103513371,0.00260709489815137,0.015780334306519,0.00767707393373462,0.143605341091067,0.000135224711547583,0,0,0,0.810822620707643
"TCGA-CV-6962-01A",0,0,0.0147912480356936,0.0289158283273044,0.000744087504219785,5.85960688811816e-05,0.00152788925782616,0.000240998060420419,0,0.953721352745655
"TCGA-D6-6517-01A",0.00333263648387194,0,0.0118090661597413,0.0109897119791824,0.00316104976326796,8.76122329908986e-05,0,0,0,0.970619923380945
"TCGA-CR-6491-01A",0.00102100167376601,0,0.00598530886725833,0.00179139114688771,0,7.37581584898159e-05,0.000270046977984375,0,0,0.990858493175614
"TCGA-CV-7242-01A",0.0206123606036888,0.00123220648598118,0.0144176182376533,0.0180592408879629,0.00432355274840537,0.000938804167838576,0.000202578772521638,0.0252707008336964,0.0093749001497134,0.905568037112538
"TCGA-CV-A45R-01A",0.000341392268834061,0.00020133058795289,0.0137265526253985,0.0217426146096018,0.00223929181487393,0.000283376837078933,0.0148992129313433,0,0,0.946566228324917
"TCGA-KU-A66T-01A",0,0,0.00212203175687853,0.00723432968467076,0,9.86176771391019e-06,3.43588398302288e-06,0,0,0.990630340906754
"TCGA-BB-4223-01A",0.00975231200077893,0.00532575918229751,0.0184114650567594,0.0631179563298288,0.0409259191825356,0.000127443618900808,0.000123202939144556,0,0.00980318499416379,0.85241275669559
"TCGA-CV-A468-01A",0.00367683761299401,0,0.015419171179743,0.142884978744413,0.0543384461411935,0.000444338789894083,0.0223049622264258,0,0,0.760931265305336
"TCGA-D6-6516-01A",0.000688521130174386,0,0.0152533861653447,0,0,0.000494867325599148,3.63483196112653e-06,0,0,0.983559590546921
"TCGA-CQ-6219-01A",0.00020496519667191,0,0.0140599164683545,0.0776699434015317,0.0765569974049132,0.000365211706310612,0.00554363159094297,0,0,0.825599334231275
"TCGA-CR-6467-01A",0.0277862328147206,0.00967294799861725,0.0264166154986725,0.0741495502254354,0.0723077040507159,0.000357870743778843,5.37998243370997e-05,0,0.0114452412496924,0.77781003759403
"TCGA-CN-A497-01A",0.00615521736243119,0,0.0276974861592009,0.148026873968199,0.0185982231769973,0.000725430566799935,0,0.0151372585472374,0,0.783659510219134
"TCGA-HD-A6I0-11A",0.000808685748706235,0,0.037994026147122,0.0840163235619166,0.0114515166651776,0.00116994721811983,0.224308710729769,0,0,0.640250789929189
"TCGA-P3-A5QE-01A",0.000488618183994869,0.00504869688684252,0.00944954342769258,0.0239546184161504,0.0149958372996441,0,1.26988053825613e-05,0,0.0322611302080108,0.913788856772282
"TCGA-CV-7102-01A",0,0,0.0161369093799189,0.0708179919436434,0.0046742361779212,0.000118765509763593,0.0299140621831425,0,0,0.87833803480561
"TCGA-CV-5443-01A",0.0309062507758345,0,0.0191616075696793,0.12628514152265,0.0563218338821346,0.00031010001559948,0.000971304864146553,0,0,0.766043761369955
"TCGA-CR-7377-01A",0.00168333355027753,0,0.0281024535430311,0.147545624149267,0.0476786702675794,0.00157469585118151,0.0425003872857075,0,0,0.730914835352956
"TCGA-CN-6016-01A",0,0,0,0.148529491742283,0.0125044921357445,0.000370898595664573,0.176122876292756,0,0,0.662472241233552
"TCGA-BA-A6DG-01A",0,0,0.00417310826585439,0.186323072097694,0.00226393151228093,2.84432933168082e-05,0.032117783125956,0,0,0.775093661704898
"TCGA-CQ-A4CD-01A",0,0,0.00460220203408681,0.0256840574417713,0.0196776929624652,0,0,0,0,0.950036047561677
"TCGA-F7-A50G-01A",0.00188525954718867,0.000738982110768265,0.0154896843621502,0.0051783753006194,0.00261197802469644,0.000225239603807333,0.00119564512339696,0,0,0.972674835927373
"TCGA-T2-A6X2-01A",0,0,0.00706520457612552,0.0117985748528763,0.000448102114555787,9.65551293914413e-06,1.87659505920947e-07,0,0,0.980678275283997
"TCGA-BA-5559-01A",0.0161477746521924,0.00182825326850242,0.0448447879768322,0.0885330914186952,0.241068019327984,0.000956092667342941,0.369371517636487,0,0,0.237250463051964
"TCGA-CN-6021-01A",0.00775747811863147,0.000682069313661656,0.0411971011925285,0.00913650642266163,0.00292483682158505,0.000230745876387912,2.79833313299718e-06,0.000281215442515995,0.000525673989557704,0.937261574489337
"TCGA-CN-6020-01A",0.00131645081216322,0.00056325283480525,0.0148991557922244,0.0690924996084976,0.0135049896445234,0.000262731456496023,0.00118942525243258,0.000233283280682714,0,0.898938211318175
"TCGA-BA-A6DJ-01A",0.000159982571132494,0,0.00466643814866627,0.0200457163795088,0.0131728039284914,0.000120995023111343,0,0,0,0.96183406394909
"TCGA-BA-A6D8-01A",0.000812629964346886,6.98660649754055e-05,0.0151043994015786,0.0652799710160182,0,0.000420249522222961,2.46077781477545e-05,0,0,0.91828827625271
"TCGA-CR-7376-01A",0.00719444995924823,0,0.00864969040597882,0.292410368277583,0.16688949372471,0.0012995257919005,0.0171083745006645,0.0188991128966953,0,0.48754898444322
"TCGA-HD-A633-01A",0,0,0.00710793116277109,0.0190311809157495,0,5.01941227420718e-05,0,0,0,0.973810693798737
"TCGA-BA-6871-01A",0.00479096028413534,0,0.0889008544292456,0.301913110759318,0.0405674924305785,0.00129454277706706,0.000355858094845319,0,0,0.56217718122481
"TCGA-CR-6488-01A",0,0.000871325799492126,0.0143541093536125,0.119056650161699,0.0251616574448392,0.00141665998084921,0.029640269720905,0,0,0.809499327538603
"TCGA-CV-6959-11A",0,0,0.0170730603998486,0.0255663894360186,0.00984519018975555,2.50333968214674e-05,0.363197470143579,0,0,0.584292856433977
"TCGA-CR-7364-01A",0.0047186366937075,0.00204507873981353,0.0132895079169034,0.0235553572120517,0.00521383878849347,0.000534627902319201,8.306926574817e-08,0.00459562520048682,9.42573476077861e-05,0.945952987129351
"TCGA-CV-7421-01A",0,0,0.0337206000809596,0.146028737575447,0.0029038360175443,0.000243645914720698,0,0,0,0.817103180411328
"TCGA-CQ-5323-01A",0.00757792263799836,0.000182398679551861,0.0152048587585936,0.00366949760181526,0.00327480716636931,0.000200381647459752,7.06890516183678e-05,0,0,0.969819444456593
"TCGA-UF-A718-01A",0.0049490812189796,0,0.00981945653576056,0.0327302507133897,0.00120867165010093,0.00016235435035879,0,0.00526439315457525,0,0.945865792376835
"TCGA-KU-A6H7-01A",0.000352207495542661,0.0037639616618896,0.011843868037423,0.00182886202428411,0.0176985470282478,4.01721491052148e-05,1.16949756540405e-05,0,0.000142594700355549,0.964318091927498
"TCGA-CN-5363-01A",0.00383639400776906,0,0.0202784064004045,0.17001134092459,0.0322203114270465,2.54583974960422e-05,0.0159863646611319,0,0,0.757641724181562
"TCGA-CN-4730-01A",0.000133736966371167,0,0.00838325536178542,0.00959546975299013,0,1.39596089191395e-05,8.7459703100595e-06,0,0,0.981864832339624
"TCGA-CN-5370-01A",0.000424235852545195,0,0.00613986131321759,0.17040369684139,0.0607999632964789,0.000119841053483873,0.0387336603152003,0,0,0.723378741327684
"TCGA-UF-A71D-01A",0.00122203307676192,0.000326853171757625,0.013241104570589,0.00117824677108701,0,0.000149092873940765,5.63878707035699e-05,0.00383197177465488,0,0.979994309890505
"TCGA-UF-A71E-01A",0.00094833574100638,0,0.00830167323494773,0.00338512372282604,0,1.68310753848061e-05,0,0.000645545344742476,0,0.986702490881093
"TCGA-CV-7416-11A",0,0,0.00593573652304329,0.00492901964997909,0.00269469815638568,0.000112177552324833,0.0130326640698231,0,0,0.973295704048444
"TCGA-CV-7104-01A",0.00127841750446871,9.53116416990051e-06,0.0109099178774568,0.0930460881239028,0.0092492051779779,0.00037784400908558,0.0815488797159113,0,0,0.803580116427027
"TCGA-CV-A45P-01A",5.86547691249597e-05,0,0.00741936944436963,0.00523682357888264,0,4.20860627156347e-05,0.00379299780745962,0,0,0.983450068337448
"TCGA-CV-7238-01A",0.00161399379799363,0.00116605848483764,0.0298610361923067,0.0207295746835631,0.00138646465603069,0.000229966923127988,0.127075619140952,0,0,0.817937286121188
"TCGA-CV-7099-01A",0.000447676710340297,0,0.00733881991531155,0.0120235276064291,0.0069900392383675,0.000261667881660787,8.32680701181391e-07,0,0,0.97293743596719
"TCGA-CV-A6JO-01B",0,0,0.00500220576820625,0.00348545501456899,0.00595012743669028,3.58166640124141e-05,1.65448838203155e-05,0,0,0.985509850232702
"TCGA-CV-5971-01A",0.000519623437004273,0,0.050363714611153,0.113827583479357,0.0435339680089566,0.00106087350386051,0.707084749718631,0,0,0.0836094872410381
"TCGA-D6-A6EN-01A",0.000286639598278891,0,0.0151580394661221,0.0522146755044154,0.0711744162691169,0.000131108906536997,8.55636555844716e-05,0,0,0.860949556599945
"TCGA-CN-4729-01A",0.00509626334253069,0.000159590492127426,0.00989304504078946,0.0412027134279207,0.00282978242927707,0.000657485993015524,0,0,0.000720576337160867,0.939440542937178
"TCGA-CV-6960-01A",0,0,0.00915059283654928,0.023626547273681,0,3.83465906990596e-05,0,0,0,0.967184513299071
"TCGA-IQ-A61H-01A",0.000739283120868622,0,0.0245318404548139,0.0699742580270914,0,0.000110995054783495,0.0312942734747324,0,0,0.87334934986771
"TCGA-CV-6956-01A",0,0,0.00601130031861296,0.0116035696640449,0,0,0.0216184102521677,0,0,0.960766719765175
"TCGA-MT-A51W-01A",0,0,0.00762912889216042,0.00106736084285517,0,2.4497186071858e-05,0,0.0029548799106023,0,0.98832413316831
"TCGA-CQ-6221-01A",0,0,0.177692296920411,0.589116162157175,0.230743297715765,0,0,0,0,0.00244824320664976
"TCGA-CV-7245-11A",0,0,0.0369401766769324,0.23213885781986,0.0138960691168981,0.000936265872503149,0.699995767712029,0.000128131513770126,0,0.0159647312880077
"TCGA-CV-6953-01A",0.0100420369602722,0,0.00663436278054148,0,0.00240844570561138,0.000110665124743001,1.06839013852557e-05,0,0,0.980793805527447
"TCGA-CV-5436-01A",0.00166479578360496,0.000220073993783318,0.00506187981019213,0.0296630052962834,0.00198460010852433,0.0002536738975653,0.00181322407031881,0,0,0.959338747039728
"TCGA-CN-4738-01A",0.00331675464611611,0,0.0124033878454568,0.033594131381205,0.0141335491074295,0.000895400883517165,0,0.0395820832437129,0,0.896074692892563
"TCGA-BA-A6DA-01A",0.0015444401137145,0,0.00256716392751939,0.000434685719441781,0.00013295124563017,0.000179522600942543,2.26645232994809e-05,0,0,0.995118571869452
"TCGA-CR-6474-01A",0.00153866590191351,0,0.0212689828363286,0.193669433822295,0.0298592863567256,0.000804427415228832,0.0291639379280093,0,0,0.723695265739499
"TCGA-CQ-5334-01A",0.00033096794110585,0,0.0170957504311901,0.105546778167608,0.0432740177914617,0.000205207984732778,0.000181383053299586,0,0,0.833365894630602
"TCGA-HD-8635-01A",0.000946181517220562,0,0.0115177715784525,0.0288302139199995,0.00197016419217747,6.1530820675829e-05,0.206901662432132,0.0100289498358515,0,0.739743525703491
"TCGA-CQ-6225-01A",0,0.000856351885892344,0.00628725373524481,0.000975409142233603,0,1.00409219155867e-05,0.00369593242474136,0.000873507739635982,0,0.987301504150336
"TCGA-CV-7250-01A",0.000898382645515929,0.000120904186306005,0.0139063769132014,0.00184467456918541,0.000148272961371077,9.46436592546624e-05,0.000690478012304587,0,0.000120215958121102,0.98217605109474
"TCGA-F7-A623-01A",0.00140510773844298,0.000929142790012231,0.0110179200250342,0.0102037973993826,0,7.34204181280085e-05,0,0.00018423965474905,0.000702764855981971,0.975483607118269
"TCGA-CN-5355-01A",0.00840658735789177,0,0.0196423846407311,0.117742607144701,0.00521142462616167,0.000458362915314133,0.0198962826172839,0,0,0.828642350697916
"TCGA-CV-6934-01A",0.000705737418540337,0,0.0126564435322421,0.270968179433823,0.0484759775539168,0.00045423060007355,0.0398775486439198,0,0,0.626861882817485
"TCGA-CN-5356-01A",0.00483569887357671,0,0.0265811588253475,0.060325456293389,0.00241742668670634,0.000318093201423044,0,0,0,0.905522166119557
"TCGA-CV-7406-01A",0,0,0.0201797402758961,0.12437747858278,0.00399125161349848,0.000381267865492493,0.271878894533498,0,0,0.579191367128836
"TCGA-CV-6943-11A",0,9.05057650898309e-05,0.0128534007287293,0.00772059003984906,0.00514299513726178,0.000240436035972636,0.0268883097431782,0,0,0.947063762549919
"TCGA-CQ-5324-01A",0.000399330207909143,0.000107059314503025,0.0108357531290393,0.0154242355352776,0,0.000227026836087075,4.00449877896707e-05,0,0,0.972966549989394
"TCGA-CQ-5333-01A",0.00101258712422394,0,0.00983983443733166,0.0303297168750318,0.153562084968948,5.19252224702876e-05,0.13742635507964,0,0,0.667777496292355
"TCGA-CN-4737-01A",0,0,0.0173011809898879,0.0822919277514489,0.0031971397464898,0.000440123273522877,0.0662683757914561,0,0,0.830501252447194
"TCGA-C9-A480-01A",0,0,0.00756609894874663,0.00299796115597002,0.000194367653130169,3.00165087813506e-05,0.00930014676259368,0,0,0.979911408970778
"TCGA-D6-6824-01A",0.0070522626375779,0,0.0522656652444452,0.167275201233402,0.11158098781462,0.000976391832588102,0.000475269375507941,0.142672327075289,0,0.51770189478657
"TCGA-CN-A63T-01A",0.00219421503031687,0.00134916732105607,0.0210276173361475,0.0470665348547663,0.0111101773592646,9.83901411570207e-05,0.00365448166414763,0.0320590902371434,0,0.881440326056001
"TCGA-CV-7252-01A",0.000738597375310819,0.000140236341820271,0.01363845418162,0.0260068369086291,0.00351359156816307,2.74841129279393e-05,0,0,0,0.955934799511529
"TCGA-CV-7255-11A",0,0,0.00694544729756647,0.0141166325672876,0.0118296303829343,0.0015948275915092,0.0301445820300005,0.136066504516198,0,0.799302375614504
"TCGA-CV-6003-01A",0,0,0.0024498233163642,0.0149723333172237,0,7.23875963306023e-05,0.000671820316712988,0,0,0.981833635453369
"TCGA-F7-A50I-01A",0.000834778174172442,0.000559791741591307,0.0122140236172629,0.0290214900382488,0.00412378034075888,8.93949912299043e-05,0,0.0137229703223922,0,0.939433770774344
"TCGA-CV-7407-01A",0,0,0.00943836394472295,0.00434854512318129,0.00654654449865286,5.16701371037795e-05,0.00185001803471661,0,0,0.977764858261623
"TCGA-CN-5366-01A",0.000147999364251745,0,0.0153904738439781,0.0731036279589438,0.00257443511577025,8.80670702351932e-05,0.00403889830260685,0,0,0.904656498344214
"TCGA-CN-6011-01A",0,0.000141800224621698,0.00735482746391981,0.00365414200215856,0,2.99146261101225e-05,0,0,0,0.98881931568319
"TCGA-F7-A61S-01A",0.000157011381457072,0.00093045138036961,0.00706186175015628,0.00810267552950175,0.00450636259573827,0.000110026042339612,8.38201423268586e-06,0,0.00228839015980841,0.976834839146396
"TCGA-CV-7433-01A",0.000423378383526516,0,0.0123080726660441,0.11256283804071,0.0721744189293324,5.86587307028411e-05,0.000635150615998207,0,0,0.801837482633686
"TCGA-CR-6480-01A",0.00553963474096232,0.000934781166934226,0.0207585123490458,0.0054478899003281,0.0110322812250253,0.000134270092436205,7.07546499368542e-06,0.0158351633857381,0,0.940310391674536
"TCGA-CV-7423-11A",0,0,0.00891031671551618,0.00370937193773198,0.00342290489202239,0.000134771295153824,0.0820600467260372,0,0,0.901762588433539
"TCGA-CV-A45O-01A",0,0,0.00415972146915442,0.00176948287223617,0.00120351422598504,1.99606419018927e-05,2.71569512633018e-05,0.00121935540432357,0,0.991600808435136
"TCGA-CV-6933-01A",0.00038727010699684,0,0.00865357540419977,0.0452125081425223,0.0072618216315033,2.8959853794264e-05,0.00112768644739919,0,0,0.937328178413584
"TCGA-CV-A45V-01A",0.000235641551250677,3.57227582053631e-06,0.0175668969221539,0.0200676242959758,0.00175700419740891,0.000402379390283512,0.000279850875954938,0,0,0.959687030491152
"TCGA-CN-A49C-01A",0.0028245274064824,0.00076325955608772,0.0112219483518213,0.000568295692977401,0.000625236972820012,6.15450325178925e-05,0,0.000391751327934192,0,0.983543435659359
"TCGA-DQ-5630-01A",0.000950394955372607,0.000158018448565575,0.016241575830885,0.107352902907702,0.0427989297525996,0.000129904384692386,0.0237918937817686,0,0,0.808576379938414
"TCGA-UP-A6WW-01A",0.00516271780847279,0,0.0129353855718025,0.0369436757213459,0.0155789014775453,0.000112977220523514,7.17990747540962e-06,0,0,0.929259162292835
"TCGA-CV-7406-11A",0.000860191008564294,0,0.0123799987248323,0.0175296168535061,0.00378399994878024,0,0.723161767025145,0,0,0.242284426439173
"TCGA-P3-A6T5-01A",0.000536153185781294,0,0.00982560638112538,0.0107625538805847,0,5.34525129428547e-05,0,0,0,0.978822234039566
"TCGA-CV-7261-11A",0,5.42411160476651e-05,0.0102692677179842,0.0149444156949192,0.000571077831657065,4.38594962720367e-05,5.37789389381332e-05,0.0166239541974061,0,0.957439405006776
"TCGA-IQ-A61J-01A",0,0,0.0122369578052528,0.0217339300343929,0,0.000404791204183859,0.0210235779520226,0,0,0.944600743004148
"TCGA-CR-7379-01A",0.00376103937368162,0,0.0129228721995004,0.0981338881346305,0.0103279051449236,0.00022944089547999,0.00213070219480457,0,0,0.872494152056979
"TCGA-CV-A45Z-01A",0.000445549132850418,0.000768936453904677,0.0128226548598402,0.0151522009485686,0.00943553479447466,6.20074329590318e-05,8.0382729302381e-06,0.0046219090840378,0,0.956683169020434
"TCGA-CN-4742-01A",0.00620743136099666,0,0.0109018189794783,0.111772842937773,0.00516352279216297,0.00016517027967002,0.00501252787202444,0,0,0.860776685777894
"TCGA-CV-A461-01A",0.00490428754222418,0.000572632435336704,0.0115958740839018,0.00867232491943131,0.0728788420861467,0.000553023128096173,0.000187492101198326,0,0,0.900635523703665
"TCGA-CR-7388-01A",0.0144879496958328,0.00260317908037879,0.0246650260262463,0.0878959706121198,0.0136538223352814,0.000805517989809754,7.05032232211615e-05,0.00865683024371673,0,0.847161200793393
"TCGA-BA-A6DE-01A",0.000158423230813103,5.68704775943275e-05,0.0125652688538961,0.00818942223199198,0,2.37197548992764e-05,0.00189246527413833,0,0.00124139354324243,0.975872436633424
"TCGA-CV-6948-01A",1.67157536579321e-05,0,0.0186824493114107,0.0162480794764126,0.000984568142606224,1.21716179101691e-05,1.92156598991963e-05,0,0,0.964036800038103
"TCGA-BB-4227-01A",0,9.88476422919213e-05,0.011420314074028,0.00475381446042269,0.00171715105208189,8.43813477351521e-05,0,0,0,0.98192549142344
"TCGA-P3-A6T4-01A",0.000339568064550498,0.000477622586562475,0.00821363963401199,0.00851011922473116,0.000655269206576211,0.000115905215608118,2.3793285628752e-05,0.00283817348733305,0.000162945228688953,0.978662964066309
"TCGA-QK-A6V9-01A",0.00295450877486333,0,0.010879707874632,0.00224173025627622,0.00730284409330988,3.77486864630855e-05,7.42283188922826e-05,0.000319198094994718,0.0164905270551123,0.959699506845456
"TCGA-CR-7389-01A",0.0102634887841956,0,0.0341363047703195,0.0429732189120076,0.00762661255011885,0.000395877911291994,5.7988202960833e-05,0.0121779188447418,0,0.892368590024364
"TCGA-CV-6935-01A",0.00106736696686561,0,0.00878833708933413,0.0430743365804668,0.00354663399738697,0.000103116460853608,0.00213448365011688,0,0,0.941285725254976
"TCGA-CN-6017-01A",0.0128877405276967,0,0.0303002916693305,0.109077019030241,0.096491336167555,0.000105897825868013,0.491206459778647,0,0,0.259931255000662
"TCGA-CV-A6JU-01A",0,0.000519696736773505,0.0162241050968034,0.0217446892767831,0,9.0558641550274e-05,0.162509064260736,0.00545764518006057,0,0.793454240807293
"TCGA-CR-7401-01A",0,0,0.0122148630274678,0.0533263678605644,0.000732812522957974,0.000380865341058626,0.0195508016319803,0,0,0.913794289615971
"TCGA-CV-6933-11A",0.0230483557123075,0,0.0396095095251537,0.135482441070259,0.0268158654094497,0,4.11538798209748e-05,0.775002674403009,0,0
"TCGA-CN-4739-01A",0.0136291940572077,0.000879801796623954,0.02504730276196,0.0188315146654271,0.00114989257366564,0.000369969317290434,0.00137018972447987,0.00206433423196111,0.00547893248702951,0.931178868384355
"TCGA-CV-A45Y-01A",0.0132685441042083,0,0.0176270857178972,0.136623187118286,0.0483553098823797,0.00035018373900181,0,0,0,0.783775689438227
"TCGA-CR-6493-01A",0.000415660034446577,0,0.00270479624376306,0.009098977775476,0,7.10196612999335e-06,0.000452797862510556,0,0,0.987320666117674
"TCGA-BA-4076-01A",0.000256405876040312,0.000113225652835546,0.00488348232083578,0.00787748618625485,0,0.000121960326013917,0,9.87835500120884e-05,0,0.986648656088008
"TCGA-CV-6436-01A",0.00105554681445526,0,0.0070438031358401,0,0,0.000101751301879681,4.70531760448666e-06,0,0,0.99179419343022
"TCGA-DQ-5625-01A",5.64416644888646e-05,0.000155131985728249,0.0171283035476761,0.0113391361913649,0.00539356834764619,0,0.146879826452065,0,0,0.819047591811031
"TCGA-HL-7533-01A",0.000355188977722189,1.30497785458037e-05,0.00515780922403717,0.00685809461404568,0.0149973635196049,2.3168909089837e-05,0,0,0,0.972595324976954
"TCGA-CV-A6JM-01A",0,0,0.00344251388530759,0.000314544343963547,0,5.2254804802375e-05,2.47909479277333e-05,0,0,0.996165896017999
"TCGA-QK-AA3K-01A",0.00581956596523338,0.0015634925271667,0.0321425737269494,0.763566355567509,0.0689435033662945,2.94215511131324e-05,0,0.00278248406113315,0,0.125152603234601
"TCGA-HD-7831-01A",0.0017682993805638,0,0,0.430246825194743,0.0178259820373533,0.00052023796200661,0.009439593760503,0,0,0.54019906166483
"TCGA-UF-A71B-01A",0.0067346575611544,0.00171879764313235,0.014331169628622,0.0308469565351845,0.00138558149093073,0.00016249963690808,0,0,0,0.944820337504068
"TCGA-CV-A45U-01A",9.94103630192913e-05,0,0.0043916660594938,0.0176910976316352,0.00254750112712864,0.000299707430547039,9.08060000003665e-05,0,0.001388744810451,0.973491066577725
"TCGA-CV-7440-11A",4.2025080214385e-05,0,0.00455810347306932,0.0107361292271675,0,6.16126759399209e-05,0.11669387708567,0.100486025727451,0,0.767422226730487
"TCGA-CV-6955-11A",0.00228460110394556,0,0.0122091691154268,0.0842154960340449,0.0105810702467792,0.000590012987887059,7.01031953650817e-05,0.0688172247288431,0,0.821232322587708
"TCGA-CV-7253-01A",0,0,0.00185850430782328,0.000492746233497307,0,2.01823908424953e-05,0.00502670070931454,0,0,0.992601866358522
"TCGA-P3-A6T8-01A",0,0,0.0193533645979198,0.116370605923759,0,6.34070537804787e-05,0.0311355972175159,0,0,0.833077025207025
"TCGA-CR-5250-01A",0.0167302379992387,0.000402235031013577,0.0215328765529564,0.10645899314594,0,0.000889008176056274,0,0.00282495301705651,0.0100568201871948,0.841104875890543
"TCGA-BA-5152-01A",0.00148313757765986,0.00130143239307204,0.0196349182378133,0.00688494476799642,0.0168565691923762,0.000156180713107774,0,0,0,0.953682817117974
"TCGA-CR-5247-01A",0,0,0,0.0925149243309225,0,0.000133401510281904,0.000452301022766705,0,0,0.906899373136029
"TCGA-MT-A7BN-01A",0.0481673008252225,0,0.102193915488599,0.361255235316249,0.295184216869115,0.00509172424926342,0.000676327676880156,0.128323155645391,0,0.0591081239292808
"TCGA-CN-A499-01A",0.00017245799194719,0.000556010808945016,0.00580271591040642,0.0351861641028331,0.0112086823519375,2.23207068756003e-05,9.29930535988701e-06,0,0,0.947042348821695
"TCGA-CN-A498-01A",0.00193890518636974,0,0.00453434189148229,0.00435528384794861,0.00152107335240598,0.000144369008185956,0,0.00480689819715385,0,0.982699128516454
"TCGA-CV-7103-01A",0,0,0,0.250697883603343,0.00168597502121857,0.000716690383000128,0.0568853659635457,0,0,0.690014085028892
"TCGA-T2-A6X0-01A",0.00750106393005909,0.000184205743528235,0.013314631145496,0.0288593575875246,0.002313164492736,0.000486322555162349,0,0,0.00955260281049221,0.937788651735002
"TCGA-CV-A45Q-01A",0,0,0.0019139432078462,0,4.89382928781882e-05,4.76607300492272e-05,0.00043552814442731,0,0,0.997553929624799
"TCGA-DQ-5631-01A",0.00232498484421405,0,0.0129718955068181,0.0925284009432036,0,5.70388737323683e-05,0.00218782359456617,0,0,0.889929856237466
"TCGA-CV-7410-01A",0.00846539592577746,0,0.0216803319707024,0.0452894169102652,0.116389058423385,0.000151916936294717,5.82331258095848e-05,0,0,0.807965646707766
"TCGA-P3-A6T2-01A",0,0,0.00955621968899438,0.0425982642920717,0.00055340075950146,7.48395241966622e-06,0.000370844568148922,0,0.000762713131893602,0.94615107360697
"TCGA-CV-6938-01A",0,0,0.00542354697731568,0.00681691644014038,0.0618472548653101,3.49165782298795e-05,6.09427949646337e-05,0,0,0.925816422344039
"TCGA-CQ-A4C6-01A",1.6925442598376e-05,0.000466469766964537,0.00898469771471599,0.0303377516145659,0.00383207994477487,0.000273144905632243,0.00913415629247088,0,0,0.946954774318277
"TCGA-CV-7425-11A",0.000254097790255548,0,0.0118383365147971,0,0.00248041266493776,0.000423581296890381,0,0,0,0.985003571733119
"TCGA-BA-6873-01A",0.000375764710219889,0,0.00727505577570793,0.085619407568069,0.00534938080196519,2.54489088079044e-05,0.00581249869888197,0,0,0.895542443536348
"TCGA-CN-6022-01A",0,0,0.0228134958776253,0.205891498391692,0.0588534519218476,0.000328427650021372,0.0940643782804954,0,0,0.618048747878318
"TCGA-CV-7235-11A",0.011765918057738,0,0.0469381651908692,0.278862655242663,0.269443793283369,0,0.000627561824289549,0.390389898608101,0,0.00197200779297005
"TCGA-CQ-6229-01A",0.000371405354786345,0,0.0135134542153373,0.0206335465067312,0.00124606475433636,0.000345483176590823,0.0229177888268501,0,0,0.940972257165368
"TCGA-CV-6441-01A",0,0.000477468077801389,0.0089053964005835,0,0,8.91937838243426e-06,0.150805499613863,0.000158329235654411,0,0.839644387293715
"TCGA-CV-7434-01A",0,0,0.00388972897646303,0.00135953055450761,0.00179987819614102,9.43610143699874e-06,0,0,0,0.992941426171451
"TCGA-CV-6952-01A",0.00134861993031996,0.000562426442724115,0.00923645193615884,0.00159271260087685,0.00210347796127885,0.000204057280747892,0.00831840340146506,0,0,0.976633850446428
"TCGA-CQ-5326-01A",0,4.7247703514201e-05,0.00535162177450504,0.0136441885638805,0.00309877291215367,0.00014704895781215,0,0,0,0.977711120088134
"TCGA-CN-A6V6-01A",0.0055534762588895,0,0.0159584806685768,0.0305130311434864,0.0214261413146788,0.000272871711539746,0.0359006494141782,0.00785447887428824,0.0151804718801123,0.86734039873425
"TCGA-CV-6955-01A",0.000177847117439154,0,0.00992595701701815,0,0.00589851285887707,0.000198090732139063,0,0,0,0.983799592274527
"TCGA-CN-6019-01A",0.00233197802921263,0,0,0.31352136699585,0.122873417208269,0.000591049938686352,0.0289499545539857,0.0120656873355265,0,0.519666545938469
"TCGA-CV-7437-11A",0.0034292007072404,0.00122002137624302,0.00593508204456009,0,0,0.000122791301854867,0.000169010087325169,0.00337684455358523,0,0.985747049929191
"TCGA-CR-5243-01A",0.0171211257676676,0,0.0308445036495834,0.133996746352118,0.0409853767365508,0.000634311580743446,0.000297919598330991,0,0,0.776120016315006
"TCGA-BA-6868-01B",4.65942355737243e-05,0.000411770863974448,0.00482566414403196,0.0448648142941083,0,1.65547348341965e-05,3.66588509658227e-05,0,0.000476490159076011,0.949321452717436
"TCGA-CQ-5330-01A",0,0,0.015343185023927,0.127810842498128,0.0526926314162637,6.498832112653e-05,0.105778969159584,0,0,0.698309383580971
"TCGA-P3-A6T7-01A",6.10119177159797e-05,0.000397715770307689,0.010404174919453,0.0065420293677604,0,2.20535966255828e-06,0,0.00614377840179896,0,0.976449084263301
"TCGA-D6-6827-01A",0.00253199959148717,0,0.0543098038412225,0.152434863613607,0.0310292761628801,9.10196370769803e-05,4.0346720653603e-05,0.071713415835891,0,0.687849274597182
"TCGA-CN-6992-01A",0.000677919582621549,0.000130142386089406,0.0205598916364402,0.0399907848472371,0.00291063583520659,0.000143961509869061,0,0,0,0.935586664202536
"TCGA-CR-7402-01A",0.00700400552832443,0,0.0205771491745092,0.0194238656503266,0.0353752226055122,0.000290604152552553,0.00053899621021403,0.0111434185455183,0,0.905646738133043
"TCGA-CR-6470-01A",0.0315515083167286,0,0.0248330255494334,0.166674365350673,0.214128770032358,0.000839103794185667,0.00416080367136243,0.100769364145064,0,0.457043059140194
"TCGA-CN-6023-01A",0.00882157047448331,0.00280446775424114,0.023032335057863,0.0472043234547149,0.0137359848660351,0.000643494233866357,0,0,0.0147163446665806,0.889041479492216
"TCGA-DQ-5624-01A",0.00142353224798105,0.00197875918211168,0.0156446371728578,0.0585722867054821,0.0114100307681707,0.000568078346670908,0.0135566795165588,0,0,0.896845996060167
"TCGA-HD-A6HZ-11A",1.31137831580563e-05,0,0.0369991068769357,0.0702975982432825,0.000988560511955523,0.000662443901549316,0.126537957600823,0.00179752551923274,0,0.762703693563064
"TCGA-CQ-A4CE-01A",0.001161256404325,1.82887299116319e-05,0.0126943151378219,0,0,7.77905595872792e-05,0.000620776161418445,0,0,0.985427573006936
"TCGA-UF-A7JV-01A",2.59532881416112e-06,0,0.00523721711332928,0.0961659395595859,0.0479787492531158,1.84760552387421e-05,0,0,0.000706711052442117,0.849890311637474
"TCGA-CV-7427-01A",0.000176416689506439,0.000321107702578881,0.010126086658525,0.00452508614273965,0.0460707766924005,0.000110116093126512,0.000710973338574453,0,0,0.937959436682549
"TCGA-CV-5973-01A",3.74696679981242e-05,5.09565078014483e-05,0.00169345070786843,0.00964551188124452,0.000476422701867164,0.000101737014259045,0.000211309883004911,0.00226180872087329,0,0.985521332915083
"TCGA-DQ-5629-01A",0.00105080739059186,0,0.0113345024852319,0.0140570113667955,0,3.80366347152136e-05,0,0,0,0.973519642122666
"TCGA-BA-A4IH-01A",0.004327577857449,0,0.0416498974178484,0.164020675672458,0.0270079100755964,2.79334796852375e-05,0.000247212293062638,0.0142828041485724,0.00983836367989649,0.738597625375432
"TCGA-CV-A6JT-01A",0,0,0.00789677522015016,0.0214407271250695,0,0.000158991080978938,0.0241338621977722,0,0,0.946369644376029
"TCGA-CV-7177-01A",0,0,0.00164072585329096,0.0979206569584764,0,0.000411410532019479,0,0,0,0.900027206656213
"TCGA-BA-6870-01A",0.00815266638170284,0.000761920119405704,0.022360551762388,0.00405331848619806,0,0.000661626588320458,3.64552785319863e-06,0,0.00309334665850373,0.960912924475628
"TCGA-CV-7446-01A",0.000453248985827147,0.000936183578744763,0.0186989809550342,0.0750107194280075,0.0155724085829741,6.62980255359755e-05,6.61200886284018e-05,0.0030200751663267,5.02154683113466e-05,0.88612574972061
"TCGA-IQ-A61G-01A",0,0.000280593101147691,0.00105081756144159,0.000637239183597198,0.001994627587594,0,2.70549355272907e-05,0,0,0.996009667630692
"TCGA-D6-A6EK-01A",0.0032830309674628,0,0.0104610368852192,0,0.00131077063162076,0.000171529713841801,8.0016508235307e-05,0,0,0.98469361529362
"TCGA-IQ-A61I-01A",0.0076518086632342,0.000498289630308387,0.0145158106574462,0.00244908642573232,0.0197319724004501,2.84186532412917e-05,0.000251293908859429,0,0.00561971140105951,0.949253608259668
"TCGA-CN-A6UY-01A",0.00311617222916912,0.000620111165229224,0.011540496148157,0.00435861709616267,0.093916168754377,3.00767068609931e-06,2.70554408006378e-05,0,0,0.886418371495418
"TCGA-CV-A465-01A",0.000656982095037523,0,0.00506949834180304,0,0,5.10091460997754e-05,0.00368730747256082,0,0,0.990535202944499
"TCGA-CR-7383-01A",0.00309355105712515,0,0.029561995891284,0.0881981052237349,0.0220534575823605,0.000350843885977637,0.0242909917618631,0,0,0.832451054597655
"TCGA-P3-A6T0-01A",0,0,0.00370871084742917,0.00848841427788358,0,0,0,0,0,0.987802874874687
"TCGA-D6-A4ZB-01A",0.00834263071148218,0,0.0129895435232824,0.0199538050122508,0,0.000148599425153447,7.75518888983926e-06,0,0,0.958557666138941
"TCGA-BA-A4II-01A",0.00155896802609775,0.000737562658601187,0.011188670455855,0.013907722435973,0.00181435151379814,3.80987131690434e-05,0,0.000745328162930959,0,0.970009298033575
"TCGA-CN-5359-01A",0.00192461200146829,0,0.0142065028707002,0.125771319699361,0.0945317983429519,0.0003118779406468,0.002396529456128,0,0,0.760857359688744
"TCGA-CV-7438-01A",0.00578536267686482,0,0.0168382239071882,0.0811933911549025,0.00310791505448234,3.40952532140308e-05,0.0849950184700659,0,0,0.808045993483282
"TCGA-CV-7097-01A",0,0,0.00551271483028553,0.0853440589621374,0.017209891959874,9.30585348178417e-05,0.0538963904749311,0,0,0.837943885237954
"TCGA-QK-A8Z9-01B",0.000670530606098186,0,0.000535666559658485,0.149288262485839,0.0213109492904511,0.000126220760476028,0.00370088838613086,0,0,0.824367481911346
"TCGA-UF-A7JO-01A",0,0.000742236588481387,0.00883666209415578,0.0229372390456871,0.051355038609723,0,0.000334190976856807,0,0,0.915794632685096
"TCGA-CV-7180-01A",0.000842925624232788,0,0.00697528075073807,0.00119806623168881,0,0.000117641928419195,0.00037069992134255,0,0,0.990495385543579
"TCGA-D6-A6EO-01A",0.00121674453030755,0,0.0234414678795204,0.0145986738010155,0,3.32460877723396e-05,0.000305542212211202,0.0069388601398371,0,0.953465465349336
"TCGA-HD-A6I0-01A",1.05528479635935e-05,0,0.00652095892740632,0,0,8.48413487941338e-05,3.32149798491162e-05,0,0,0.993350431895987
"TCGA-CV-6950-01A",0.000327092786881659,0,0.0103148943331594,0.0810061101678262,0.00176753870476691,7.43271334614032e-05,0.0376250976390642,0,0,0.86888493923484
"TCGA-UF-A7JK-01A",0,0,0.00671939527944159,0.0118944626772993,0,3.51660356020928e-06,0,0.00418349544395519,0,0.977199129995744
"TCGA-UF-A7JF-01A",0.00106219194102208,0,0.00917558212122153,0.00972831092071031,0.00469583952668128,0.000251351992621727,5.35418991425307e-06,0.0139602330897659,0,0.961121136218063
"TCGA-CV-7428-01A",0.000458419317633153,0,0.0162113124029184,0.0345190130438084,0.00467221263622749,8.99875413180989e-05,0.000311050987724034,0,0,0.94373800407037
"TCGA-D6-A6ES-01A",1.28869972019644e-05,0,0.00787898272658085,0.00163815218465082,0.00098507376429,7.83994197606001e-05,8.54335527456446e-06,0,0,0.989397961552241
"TCGA-CQ-A4CH-01A",0,0,0.0181244404210668,0.043721645296965,0,5.4921386729282e-05,0.00293866233442162,0,0,0.935160330560817
"TCGA-CV-5966-01A",0,0,0.00644205157542195,0.0988340455643286,0.0476116612209833,1.67058974097427e-05,0.00427050128123636,0,0,0.84282503446062
"TCGA-CR-7394-01A",0.0126925755594201,0,0.00790457896002502,0.0542661147007404,0.0569939393429252,0.000228505642965881,0.00174014869688604,0,0.00148839234794567,0.864685744749092
"TCGA-CV-7425-01A",6.60102087911742e-05,0,0.00985666812282626,0.00490424260009339,0.00191076726627005,0.000160179123446901,7.41635684281652e-05,0,0,0.983027969110144
"TCGA-CV-7254-01A",0.0173639922060227,0,0.0706299671444485,0.252576254518402,0.160395562984152,0.00190839175538479,0.000204784810696406,0.0454152344376743,0,0.451505812143219
"TCGA-CR-6478-01A",0.00535230487572695,0.00229663440548853,0.0178716028923863,0.0268528831032815,0.0805230891123199,0.000146616595377334,0,0,0,0.86695686901542
"TCGA-TN-A7HL-01A",0.0143029479674929,0.00225920388456961,0.0112917734820597,0.00675860506398779,0.0811321779283854,5.83550205638054e-05,4.46911617011986e-06,0,0,0.884192467536771
"TCGA-CV-7432-11A",0.000329929401343556,0,0.016865538476034,0.137157484204437,0.101904524630206,0,7.50230059842406e-05,0.743667500281995,0,0
"TCGA-CQ-6218-01A",0.00129111135681674,0.000494981361201202,0.0109862743409096,0.0142092473830893,0.00215242108109117,0.000132766541322116,0,0.0109481786515525,0,0.959785019284017
"TCGA-HD-7229-01A",0.00256626614540951,6.36812473633716e-05,0.00569313097665299,0.00272096527653558,0.00343764357609467,0.00010629632060274,0,0,9.28477936299098e-05,0.985319168663711
"TCGA-MT-A67D-01A",0.00786538381507668,0.000485922599348828,0.0201120356468261,0.0373055603076713,0.00960826991748598,0.00043678021641461,9.42786748613241e-05,0.0701760123836471,0,0.853915756438668
"TCGA-IQ-7631-01A",0.000712012256227981,0,0,0.146665040421395,0,0.000215508500695774,0.00101018509637087,0,0,0.85139725372531
"TCGA-CQ-7072-01A",0,0,0.011572284076668,0.292966284595919,0.0367741216088922,0.000101054684745488,0.0232694201793646,0,0,0.63531683485441
"TCGA-BB-A6UM-01A",1.12036484375402e-05,0.00046502516278933,0.012246033272714,0.000895426854294432,0.00842553876167058,3.29449253242954e-06,8.58843195315836e-05,0.00532556494636031,0,0.97254202854167
"TCGA-MT-A67F-01A",0.00233467195239602,0.00217401076917304,0.0120269753150897,0.0157713149216806,0.0772715217716405,0.000945275769413378,0,0,0.0034717659595086,0.886004463541098
"TCGA-CN-6995-01A",3.69730251799721e-05,0,0.00766965396524282,0.0087856336600563,0.0251090564508102,1.09671984579264e-05,0.010888667360494,0,0,0.947499048339759
"TCGA-CN-A6V7-01A",0.000326163053506659,0.000248252044223759,0.00383841442951929,0,0.00133823823385225,1.22138782250804e-06,2.10525873014594e-05,0.0025607686434665,0,0.991665889620308
"TCGA-BA-A8YP-01A",0.00442796203841209,0,0.00464229962723841,0.174929371850477,0.00849158164669992,5.33415346139022e-05,0.0102517740123673,0,0,0.797203669290191
"TCGA-CN-A49B-01A",0.000724314366518097,0,0.00988978220665402,0.0196549484490223,0.0236762022865735,5.03142053819655e-05,0,0,0,0.94600443848585
"TCGA-CV-7183-01A",0,0,0.00224858298670271,0.0011217540661321,0,3.58018676540074e-05,1.09130375852713e-05,0,0,0.996582948041926
"TCGA-UF-A7JJ-01A",0.0108705725127885,0.00157818102224627,0.00721833251569819,0.170994405695388,0.0601498289066808,0.000236076698612348,0,0,0,0.748952602648586
"TCGA-CR-7385-01A",0.00552783526074861,0.00228786416346003,0.0142420348140169,0.00216556860657379,0.030929767604741,0.000155209000065962,5.01562462563524e-06,0.00301628396497861,0.00913233287796272,0.932538088082827
"TCGA-P3-A5QF-01A",2.92624474673812e-05,0.000149529143317634,0.00951871782734447,0.00224808894702297,0.00106530430850642,5.22314033250189e-05,4.32402713856531e-05,0,0,0.986893625651631
"TCGA-H7-A6C5-11A",0.00490203302061892,0,0.0304720025383549,0.0639430869667225,0.00801538056830599,0.000718595625064414,2.02072021625995e-05,0.360801960630581,0,0.531126733448189
"TCGA-H7-8501-01A",0.000100252605198115,6.66957969077612e-05,0.0140828799547999,0.070213170070649,0.123541542856923,2.24195127080674e-05,0.000187535471049003,0,0.00275415999596676,0.789031343735798
"TCGA-IQ-7632-01A",0.002751955145781,0,0.0099911319352299,0,0,4.82695278144544e-05,0,0,0,0.987208643391175
"TCGA-CV-A6JZ-01A",0.0028003147358389,0,0.009093839483318,0.0603253050136498,0.0698861828224359,4.46868132147598e-05,0,0,0,0.857849671131543
"TCGA-HD-7832-01A",0,0,0.00604110745064358,0.00631313332530187,0,7.51763906007755e-06,0,0,0,0.987638241584994
"TCGA-CV-A6JE-01A",0.000987146996585013,0,0.00894825670972034,0.0308277231768592,0.00186856567173724,5.05265201318079e-05,2.98837157137818e-06,0,0,0.957314792553395
"TCGA-CN-4725-01A",0,0,0.0117049882665018,0.00411167384873921,0,6.71937938714875e-05,0.0724474047767632,0,0,0.911668739314124
"TCGA-BA-5151-01A",0.00129209255262108,0.000171644424188265,0.0134559151425667,0.0231597467087667,0.00817857652437552,0.00048384224398597,0,0,0,0.953258182403496
"TCGA-CN-4726-01A",0,0,0.00320731879952897,0.0389694674699961,0,0.000135635893749853,0.0014350819277824,0,0,0.956252495908943
"TCGA-F7-A624-01A",0.0397722613856887,0,0.110094460022395,0.352335279003536,0.480209476564215,0,8.44372463241143e-05,0,0,0.0175040857778403
"TCGA-BA-A6DL-01A",0.00136763471614919,0.0009017179334122,0.00762084498483852,0.00099235699017783,0,6.4111433054465e-05,0.000141925815569164,0,0,0.988911408126799
"TCGA-BA-6869-01A",0.00328327365509141,8.21217280724762e-05,0.00990488313136593,0.00825479103787986,0.000136810185764589,0.000105263238679567,8.37563977317662e-06,0.00851258233527372,0,0.969711899048099
"TCGA-QK-A6IH-01A",0,0,0.00374573492185503,0.00204968249764732,0,5.99324508161454e-06,8.44417391122853e-05,0,0,0.994114147596304
"TCGA-HD-7754-01A",0.00347791910692324,0,0,0.190400021382339,0.0423970340857103,0.000303977214671537,0,0,0,0.763421048210356
"TCGA-CV-A6JN-01A",0,0,0.00361139625928557,0,0,4.359063376331e-05,0.000824984511316265,0,0,0.995520028595635
"TCGA-TN-A7HI-01A",0.0729465440636809,0.00017570662508353,0.0263502066602329,0.085992599748762,0.0565544670283475,0.000871732123864735,5.52328126377521e-05,0.00175177728702907,0.00387199186123102,0.751429741789131
"TCGA-CR-7365-01A",0.00046154563518738,0,0.00486795394863374,0.0199580667660206,0,0.000142029162815224,0.00801874528947676,0,0,0.966551659197866
"TCGA-CV-5440-01A",0,0,0.00830552645743052,0.0156501958085251,0.000163159363420486,0,0.210533110964538,0,0,0.765348007406086
"TCGA-CV-6956-11A",0,0,0.0141198444543792,0.0167913813747974,0.00136156919642294,2.69182577693884e-05,0.199091885295145,0,0,0.768608401421486
"TCGA-MZ-A5BI-01A",0.0179963901052269,0.00312527036280373,0.0261664331110156,0.0300940589089749,0.141116962062262,0.000337196889822392,0,0,0,0.781163688559894
"TCGA-BB-4228-01A",0.00229358387047805,0.000805769869873508,0.0113881262791423,0.0855569886131241,0.0250960936490737,0.000492007260378721,0.000100278184514919,0.00378946384602704,0,0.870477688427388
"TCGA-QK-A6II-01A",0,0,0.00259584308346759,0,0.000477936944771459,1.61640929132833e-05,0.00305085092086288,0,0,0.993859204957985
"TCGA-CV-7252-11A",9.46393378367445e-06,0,0.0161400444307239,0.059134500585988,0.0073748503254578,5.57357778697677e-05,0.0769496970335495,0.0334344222584052,0,0.806901285654222
"TCGA-CV-5970-01A",0.00547998610935159,0,0.00893824694912515,0.0372790114073681,0.00246594295237633,0.000191034562804652,0.00470275505260022,0.00400697933215966,0,0.936936043634214
"TCGA-CQ-7065-01A",0,0,0,0.0188134397120533,0,4.31710893179389e-05,0.00451859392174011,0,0,0.976624795276889
"TCGA-QK-A8Z8-01A",0.00218464011090472,0.000170586632100859,0.0188040436779314,0.00141528028061977,0.00199312966242533,0.000111968983729891,1.42011761172759e-05,0.0095121719912336,0,0.965793977484937
"TCGA-CR-7382-01A",0,0,0.102696220850871,0.249751172856445,0.165212742343479,0.000522723017226953,0.0259455891567528,0,0,0.455871551775225
"TCGA-CR-7368-01A",0.00276287186238933,0,0.0116234096801851,0.00384428868083339,0.0130483377424485,0.000440230157240917,6.31567247302852e-06,0.0129289642280605,0,0.955345581976369
"TCGA-CV-6934-11A",0.00111629391038454,0,0.0069954379945313,0.0135678476162531,0.0135443940723564,0,0.00200408455174911,0.280401178086999,0,0.682370763767727
"TCGA-CQ-A4C9-01A",0.00652128980983624,0,0.0302073987295526,0.0582180206205881,0.000345049076968719,0.000574976947821831,9.2217402000722e-05,0.0321950776927929,0,0.871845969720439
"TCGA-CQ-6224-01A",0,0,0.00477809425048437,0.150556601851311,0.0309501239776973,3.37825138623819e-06,0.113991037144971,0,0,0.69972076452415
"TCGA-CN-5369-01A",0.00973990988525177,0.000901089639355024,0.0220375282533312,0.0478510421697209,0.0173511574490127,5.46490571294146e-05,0,0,0,0.902064623546199
"TCGA-CR-7374-01A",0.0164114497129205,0.00254733535579479,0.0316586943333517,0.0634459350080046,0.00642491294837071,0.000577198767559363,4.7187240030655e-05,0.0258714917039566,0.00697947098661697,0.846036323943394
"TCGA-CV-5978-01A",0.00530591760931361,0,0.0183651800317413,0.20106496494188,0.0151654875570318,0.000519211333288661,0,0,0,0.759579238526744
"TCGA-QK-A8ZA-01A",0,0.000179607169319549,0.00702157999077001,0.00157560421305944,7.56394049053363e-05,1.51074745223374e-05,1.11714416563393e-05,0.000435961019474384,0,0.990685329286293
"TCGA-D6-6823-01A",0.000938443302862288,0.000538820876875446,0.0124405766389118,0.00986803712705777,0,0.000160107522539393,0.00108526223152995,0.00333811154300003,0,0.971630640757223
"TCGA-CN-6012-01A",0.0165935817452385,0.0010887848346521,0.030413981021776,0.0270376281280748,0.00590015873676424,0.000176207717304468,1.47656601456515e-06,0,0,0.918788181250175
"TCGA-CV-6945-01A",0,0,0.000919565659102062,0.0100811377115133,0,3.11828385188748e-05,3.10813228156034e-05,0,0,0.98893703246805
"TCGA-CR-7393-01A",0.00331531204697356,0,0.0229308831702376,0.244428121306345,0.0595336098552268,0.00171776697307056,0.00215767957593546,0,0,0.665916627072211
"TCGA-CN-6994-01A",0,0,0.00622619276333672,0.0699463270879145,0.00251175315080441,0.000164705168668041,0,0.0109124179430975,0,0.910238603886179
"TCGA-MT-A67A-01A",0.00063355682787597,0,0.00718976069021828,0.000930114258742499,0,0.000281450107271888,0.000917876463065694,0.00241344471868719,0,0.987633796934138
"TCGA-CN-A63U-01A",0.000240210026287881,0,0.012127893914213,0.00666913999372511,0,0.000156886938107722,0.000298028085919337,0.0338977621133215,0,0.946610078928425
"TCGA-CV-7418-01A",0.00137106742128124,0,0.0163633686521091,0.022352675180808,0.00195529800078973,0.000369612317779817,0.00293106329018654,0.00118259921265057,0.00817040291349643,0.945303913010899
"TCGA-IQ-A6SG-01A",6.88279935440516e-05,0,0.00414113531852564,0.0234453510028566,0,7.10544235283494e-05,0,0,0,0.972273631261545
"TCGA-CV-5977-01A",0,0,0.00350874941982269,0.0142761702991056,0,2.20182604683029e-05,0.000840031664532089,0,0,0.981353030356071
"TCGA-BA-6872-01A",0.000739382094310221,0,0.0106617189713108,0.0094456874522667,0.000985041670644161,0.000514023187881678,0,0,0,0.977654146623586
"TCGA-CR-7391-01A",0.00453183072980624,0.00275750152351643,0.0287231063196744,0.0569243743185052,0.00410548215460661,0.000597713309518418,0.00670377488726102,0,0,0.895656216757112
"TCGA-CV-7415-01A",0.0010283342094973,0,0.0120936769273643,0.0507089644950211,0.00672574487285855,1.48200885542208e-05,0.000582237995308074,0,0,0.928846221411396
"TCGA-F7-8298-01A",0.000291669553576704,0,0.0122364063010772,0.10208961752461,0.00390286903131289,4.64776820756698e-05,0.0012110426822014,0.00567080853926862,0,0.874551108685877
"TCGA-BA-A6DI-01A",0.000974767755819658,0,0.0117112440251227,0.00139124696179463,0,7.57373674797796e-06,2.1635820471024e-05,0.0432471417924553,0,0.942646389907589
"TCGA-CQ-A4CI-01A",6.43857098846684e-05,0,0.0130675786354785,0.0883855889656127,0,0.000102819325187379,0,0,0,0.898379627363837
"TCGA-BB-A5HU-01A",0.000412595966999767,0,0.00277331867357207,0.120126190790876,0.00545029922774214,0.00024713265585681,0,0,0,0.870990462684953
"TCGA-HD-A634-01A",0.177481037629743,0.0262403629046498,0.294121162740631,0.148347526106992,0.000200933169699041,0,0.000622886182184821,0.3529860912661,0,0
"TCGA-CV-5434-01A",0.0001644377417688,0,0.02944902456604,0.124652796759499,0.0241706740546019,3.58203743686915e-05,0.0647437083641373,0,0,0.756783538139584
"TCGA-CV-7434-11A",0.0135588855886785,0,0.0395484483299193,0.378060590861958,0.0584878464976963,0.000348665890685132,2.56384564220478e-05,0.417148534644154,0,0.0928213897304864
"TCGA-D6-8568-01A",0.00250114720484958,0,0.0285989793731499,0.135830632309698,0.00862973964087338,0.000285519766690019,0.0344665575415969,0.00977285153604458,0,0.779914572627098
"TCGA-CV-A6K0-01B",0.000677927409343957,0,0.0240764462242319,0.17160729076577,0.0407426347501712,0.000198498132629299,0.0692459745462943,0,0,0.693451228171559
"TCGA-HD-8635-11A",0,0.0010637281647127,0.00754956535269858,0.020504975582481,0.0060452470102111,1.54635642851895e-05,0.0987684317970354,0,0.00165528147950125,0.864397307049075
"TCGA-P3-A5Q6-01A",0.000705869582070974,0,0.0106331098785235,0.0687712151177317,0,0.000138574397634891,0,0,0,0.919751231024039
"TCGA-F7-A620-01A",0.000542496662192652,0.00087602051971376,0.0103409760022535,0.00745723163752215,0.025927961035115,0.000168920914253507,0.0170387965502463,0,0.00191639395123374,0.935731202727469
"TCGA-CN-A49A-01A",0.000294731076345622,0,0.00728114863458573,0.15564894115757,0,1.07189406629315e-05,0.00530929938010802,0,0,0.831455160810728
"TCGA-CV-5430-01A",0.0103105902341761,0.000526615690055781,0.0239634798123087,0.0459945009046159,0.0700016024592298,8.33242857394597e-05,0.000287681046335217,0.00596590359174648,0,0.842866301975793
"TCGA-F7-8489-01A",0.00384214529948421,0.00197903211013288,0.0114501830551401,0.0342615673860632,0.0152771565249251,9.13612002140183e-05,2.86039226691356e-05,0,0,0.933069950501371
"TCGA-KU-A6H8-01A",0.000184512433592379,0,0.0196660348764938,0.0438441763224603,0.00820795203492913,0,0.75935945510324,0,0,0.168737869229284
"TCGA-CR-7370-01A",0.00210189341164968,0.000215612538465711,0.0206798399852174,0.0925430672933009,0.00639465031881196,0.000412360034744203,8.83870266585048e-05,0.0112290267592454,0,0.866335162631906
"TCGA-CN-4735-01A",0.00608579455328458,0.000669576157745065,0.0142527868358446,0.104944078668282,0.140743916531569,0.00010841359869749,2.2138878825815e-05,0,0,0.733173294775752
"TCGA-CN-A6V3-01A",0.0060730173673881,0.000255983193719756,0.0102437845604187,0.0162881597571173,0.00872991236215177,0.000151868660989187,8.66546766194188e-05,0.0345311368183608,0,0.923639482603235
"TCGA-CN-5367-01A",2.52260065774288e-05,0,0.00806645738810351,0.0308154585523597,0,1.34589397715982e-05,0.00507338313028465,0,0,0.956006015982903
"TCGA-CV-5431-01A",0.0221940093653892,0,0.00374200421275237,0.149430600348926,0.0930733685440117,0.000882476318044979,8.42178524853751e-05,0,0,0.73059332335839
"TCGA-F7-A622-01A",0,3.0446064835673e-05,0.00754593124896533,0.000793590570925005,0,3.75435591782256e-05,0.00120894142207008,0,0,0.990383547134026
"TCGA-UF-A7JA-01A",0,0,0.0155367200112135,0.0866270486537691,0.00123941045030295,1.74553247899685e-05,0,0,0,0.896579365559925
"TCGA-CV-A6JD-01A",0,0.000273718860765669,0.00543475589016923,0.172122475161493,0.0495027296688301,8.48622988302859e-05,2.04289441375618e-05,0,0,0.772561029175775
"TCGA-CR-6481-01A",0.0149642238606012,0.00582025419477844,0.0283071957625113,0.0207939345923918,0.116184985150618,0.000581897232270857,1.62707430802963e-06,0,0,0.81334588213252
"TCGA-BA-A6DD-01A",0.00420532476982199,0.000707030201511542,0.0145091928377482,0.0347471318074507,0,2.30248671088971e-05,0,0.00361727073320383,0,0.942191024783155
"TCGA-WA-A7GZ-01A",0,0,0.00653329560158023,0.0138398772921778,0,0.00018632270883205,0.00603240671138753,0,0,0.973408097686022
"TCGA-TN-A7HJ-01A",0.00141894148004836,0.000140360247044158,0.0175726933814371,0.00125060923413745,0,0.000101671231432529,5.01889936555482e-05,0.00476920564587875,0,0.974696329786366
"TCGA-UF-A7JC-01A",0,0,0.00392411084579088,0.00995190427952757,0,1.02270213068788e-05,8.90309510757528e-05,0,0,0.986024726902299
"TCGA-P3-A5Q5-01A",0.00831556284226637,0,0.0114875732435715,0.00366241164374433,0.210629426850057,9.96320786202919e-05,0.00250606591156585,0,0,0.763299327430174
"TCGA-UF-A71A-06A",0,0,0.0096678306503907,0.0722042735833084,0,1.86870308824296e-05,0.00271518007456313,0,0,0.915394028660855
"TCGA-D6-6515-01A",0.00227035097910799,0,0.0251475823786213,0.126837697558755,0.132923077595031,0.000310230611618798,0.00360327177561459,0,0,0.708907789101252
"TCGA-BA-A4IG-01A",0.00146571985038519,0.000990081684815655,0.00974137473009865,0,0,6.99291367455479e-05,6.0153405830922e-05,0,0.00628172977476433,0.98139101141736
"TCGA-CV-7423-01A",0,0,0.00571450720028582,0.0046341616630833,0,4.53993097304383e-05,0.00283400054091931,0,0,0.986771931285981
"TCGA-D6-8569-01A",1.27899721408672e-05,0.000847102025866589,0.0107427273374077,0.0249533025732684,0,0.00017210376289848,0.00822461790347983,0,0,0.955047356424938
"TCGA-CN-6988-01A",4.88600291936767e-05,0,0.0103729762803741,0.0100092072771683,0,1.62102145417084e-05,0.00108101660805454,0.00130618260814619,0,0.977165546982521
"TCGA-CV-7424-11A",0,0,0.0138535412581528,0.024611711542698,0.000202207045126946,4.51028767265615e-05,0.0297085753014931,0.0146014531551075,0,0.916977408820695
"TCGA-CN-4740-01A",0.00408854889340534,0,0,0.19084245744138,0.0839056654501351,0.00032916412927929,0.0791855070566424,0,0,0.641648657029158
"TCGA-CR-6487-01A",0.0798898086747202,0.00683672445022773,0.069320145175976,0.0599425808983262,0.411628676888089,0.00156043186866092,0.00929862554538655,0.194747090375146,0.0080937770714061,0.158682139052061
"TCGA-D6-6826-01A",0.00244936861899129,0,0.0227381956086143,0.0969095887266749,0.0732653280683948,0.000171542846189143,0.000537563482843333,0.0144767755607829,0,0.789451637087509
"TCGA-CN-6018-01A",0.00425205314924727,0,0.00760208838230356,0.154298094236837,0.0179848988839152,1.88951715428767e-05,0.0243024589084954,0,0,0.791541511267658
"TCGA-CR-7367-01A",0.00538729634368119,0,0,0.142995919384422,0.00849899608394246,0.000325115564536054,0.000127817876319145,0,0,0.8426648547471
"TCGA-P3-A6T6-01A",0.000120442074860202,0.00038850726231778,0.0197177528600321,0.0132753965910831,0,1.55717778806433e-05,0.000148623830986881,0.00229249060049884,0,0.964041215002341
"TCGA-CV-5435-01A",0,0,0.00919526983573855,0.0828773572475493,0.00121933006351072,0.00020623032501909,0.023990807635129,0,0,0.882511004893053
"TCGA-BA-7269-01A",0.000366566129377838,0,0.0160401105665275,0.0768358523683145,0,0.000231834518033319,0.00448987337695231,0,0,0.902035763040795
"TCGA-UF-A7JD-01A",0.0172185602697792,0,0.0252205765962127,0.365401984364288,0.00843118225601294,0.000134351921590954,0.153045841290227,0,0,0.430547503301889
"TCGA-CR-6492-01A",0.00250752206402591,0,0.0123231345541192,0.0181002895189854,0.00196415037668911,0.000483823450476226,0,0.0672150576540124,0,0.897406022381692
"TCGA-CR-6482-01A",0.0368789973849023,0,0.0493802478043765,0.157588733819661,0.293845169313982,0.000436343597428419,2.54461507874565e-05,0.000665740143569994,0,0.461179321785293
"TCGA-CV-7440-01A",0.00354543381237338,0.000643117559921499,0.0123481373597468,0.13908594688242,0.000920118847966606,4.71311965017137e-05,0,0.00267619764084018,0,0.84073391670023
"TCGA-CV-A6K2-01A",0,9.09049494428678e-05,0.00670290509918188,0.00425534066966839,0,4.12990601461675e-05,0,0,0,0.988909550221561
"TCGA-CV-5441-01A",0.000751496247498692,0.000130606833580909,0.014216190857296,0.0146100076632483,0,0.000176847799299316,7.51209898272947e-05,0,0,0.97003972960925
"TCGA-CV-7178-01A",0.000708693208868946,0,0.00789211283357474,0.1778307674173,0.0150082994029833,0.000448741484853655,0.0174460055715645,0,0,0.780665380080855
"TCGA-BA-5555-01A",0.00172629558617187,0,0.0229624989441778,0.00828471223234295,0.00607783707160725,0.000326206011766013,0,0.0122609356178485,0,0.948361514536086
"TCGA-UF-A7J9-01A",0,0,0.0107365234150954,0.207191841279068,0.018571072212903,3.13274199830281e-05,0.00416521822963633,0,0,0.759304017443314
"TCGA-CV-7091-01A",0,0,0.00592846530510224,0.0164464405185416,0.000290009045378924,8.27959200853011e-05,2.47036006644652e-06,0,0,0.977249818850826
"TCGA-UF-A7JS-01A",0,0,0.00904283367295797,0,0,0.000121413371931272,0.0403741541696399,0,0,0.950461598785471
"TCGA-CV-5442-01A",1.76422952656676e-05,0,0.00155075388885794,0,0,6.73530383294166e-06,3.81288558446184e-05,0.00219476256428833,5.16609947947857e-05,0.996140316097116
"TCGA-HD-7753-01A",0.000661284829001504,0.00057609513268726,0.00463420904766436,0.0321683674660684,0,0.000184503907072955,0.000766166684494562,0,0.00157847076098938,0.959430902172022
"TCGA-CV-6940-01A",0.000217087532885857,0,0.00600290209861887,0.0464877545568076,0,3.83098131409769e-05,0.034109315094074,0,0,0.913144630904473
"TCGA-QK-A6IG-01A",0.000475056956912967,0.00068582071682512,0.00960912292948784,0.100341216675493,0.00913896485911464,6.10583397220537e-05,0.00361695673163418,0,0,0.87607180279081
"TCGA-CN-6996-01A",0.00275962860736109,0.00196187570204235,0.0191567789138742,0.0305663377752726,0.0447503090131135,0.000386615319925355,0.085010395794689,0,0,0.815408058873722
"TCGA-CN-5361-01A",0,0,0.012326072467654,0.130961435742547,0.000498807341451929,0.000313539412275122,0,0,0,0.855900145036072
"TCGA-IQ-A61E-01A",6.41055029491781e-05,0,0.00359110970479284,0.0259895115036845,0.0050072877642584,7.69781218856003e-05,0.00112280226283787,0,0,0.964148205139592
"TCGA-RS-A6TO-01A",0,0,0.00368933663114227,0.069747235389023,0.0105349130058142,2.24743767651375e-06,4.27763299644007e-05,0,0,0.91598349120638
"TCGA-CN-A641-01A",0.00139538354181064,0.000293725554014913,0.0154908799282374,0.00697516183713601,0.000164563461405997,0.000322405800692737,0.000865608452337779,0.0107299602798004,0,0.963762311144564
"TCGA-CN-4741-01A",0.00209258142983453,0,0.0147254684279492,0.00237088197137543,0.00735410985398463,0.00010282666592598,0.000730962983331545,0,0,0.972623168667599
"TCGA-CV-6936-11A",0,0,0.0323660604891291,0.0888520189085033,0.0260396192737148,0.00124092639455793,0.0862449023761162,0,0,0.765256472557979
"TCGA-CN-4734-01A",0.000191889438924583,0,0.00899925408636335,0.00960012191511575,0.0075654588093731,0.00012039855926215,0,0,0,0.973522877190961
"TCGA-CN-4731-01A",0.000176265589681675,0,0.00478501882488929,0.0553657831458034,0.00959189171649595,6.78770891319071e-05,1.31808515966551e-06,0,0,0.930011845548838
"TCGA-CQ-A4CG-01A",2.36572398692135e-05,0,0.00545866151448383,0.0742130894366943,0.00194734113346244,0.000133832092411869,1.05402526406396e-05,0,0,0.918212878330438
"TCGA-CX-7219-01A",0.00424016464966342,0,0.0118469473226305,0.183074025921965,0.0429976036014485,7.41329684098794e-05,0,0.0112767459379906,0,0.746490379597892
"TCGA-IQ-A61O-01A",0,0,0.0525187028458207,0.625490581624669,0.126607284154616,3.02161385195453e-05,0.00148621560430239,0,0,0.193866999632073
"TCGA-CV-6938-11A",0.000251235703645307,0,0.040687890874948,0.256473932941767,0.0121464185129351,0.000853084312762922,0.000908190047964908,0.0720096108385136,0,0.616669636767463
"TCGA-T2-A6WX-01A",0.00171332171560913,0,0.00690507623762054,0.0361281564295214,0.042829397309553,4.99538635897345e-05,0,0,0,0.912374094444106
"TCGA-CQ-7068-01A",0.000931163657108028,0,0.00573714505773526,0.020169955321984,0.0689799211625661,3.88183204364444e-05,0,0,0,0.90414299648017
"TCGA-CV-7238-11A",0.00509364231745152,0,0.0309836367590342,0.0782795644234236,0.00542423484551388,8.46712778191973e-05,0.524274745950076,0.0412987030438296,0,0.314560801382852
"TCGA-P3-A6T3-01A",0,0,0.00129017793156971,0.00845109327833662,0,3.80161826380037e-06,0.000167245178360022,0,0,0.99008768199347
"TCGA-UF-A7JH-01A",0.000735925370511142,0,0.0178128430026593,0.083999707948355,0.00668673175977851,2.06074711967589e-05,0.0177879650737707,0,0,0.872956219373729
"TCGA-P3-A5QA-01A",0.000120879419128826,0.000213384989008031,0.00917785645115489,0.262769850008307,0.000731667121321582,1.74090141331854e-05,0.0323671545066974,0,0,0.694601798490249
"TCGA-CV-7424-01A",0.0157622437619038,0,0.00411717285910794,0.173761233817135,0.00252321703305421,0.000643070882576607,2.99561430117249e-05,0,0,0.80316310550321
"TCGA-CV-7177-11A",0.0005761763894572,0.00021949214489703,0.0083471248289753,0.00603299013777736,0,0.000237803259092583,2.64972370083318e-05,0.0144697060232354,0,0.970090209979557
"TCGA-CQ-6220-01A",0,0,0.00634484330629018,0,0.00123304776572789,3.31720938481031e-05,0.000480007227504745,0,0,0.991908929606629
"TCGA-UF-A71A-01A",4.29674958458077e-05,0,0.0137401102364492,0.102220535037282,0,4.09132119702372e-05,0.0739332646288238,0,0,0.810022209389629
"TCGA-CR-6472-01A",0.00101736381001795,0.000477253974619795,0.0134007500980761,0.0199087288126529,0,0.000327947187709931,0,0,0,0.964867956116923
"TCGA-T3-A92N-01A",0,2.12724214254972e-05,0.00501588959715671,0.00791577609247844,0,2.39195958375041e-05,6.20821191730493e-05,0,0.000724872022804045,0.986236188151125
"TCGA-CR-6471-01A",0.00166771742375972,0.00201087290562978,0.00990896837249816,0.0261524340699442,0.00542026119924751,0.000102011660613959,0,0,0.00139458763510876,0.953343146733198
"TCGA-CN-6024-01A",0,0,0.00610033655256894,0.110453325336832,0,2.80753658271693e-05,0.0558453643157197,0,0,0.827572898429052
"TCGA-KU-A6H7-06A",0,0.000523588917239517,0.00673789481829412,0.00411665129801153,0.000733698335158702,0.000131481608278367,9.33401315556523e-06,0,0,0.987747351009862
"TCGA-BB-4217-01A",0.0151654523066337,0.00818123569619439,0.0284311733419921,0.0564322821706412,0.0152436073964641,0.00026830295216602,0,0.00142026980773613,0.00978205204557792,0.865075624282594
"TCGA-CQ-A4CA-01A",0.00019418647514856,0,0.0204272095108088,0.0223977131325902,0.00292148986742801,7.69054151395457e-05,0.128315457700502,0,0,0.825667037898383
"TCGA-CV-7430-01A",0,0,0.00682856097051809,0.00272276880818234,0,2.68994929483796e-05,0,0,0,0.990421770728351
"TCGA-D6-A74Q-01A",0.0089706841404664,0,0.0101348808262566,0.0290572181110565,0,0.00152651139886521,0,0.00227919328408982,0.00291288732401181,0.945118624915254
"TCGA-CV-7255-01A",5.28519721296936e-06,0,0.0064918427235896,0.0129556087189016,0,3.59859209445071e-05,0.00663771018273601,0,0,0.973873567256615
"TCGA-CQ-6223-01A",0.00119058809246162,0.000644642422573097,0.00684272763173872,0.000975850221185313,0.00140841126753883,0.000465178793901516,0,0.00139568296270328,0,0.987076918607898
"TCGA-CV-A460-01A",0.0113705809259825,0.0021637334357116,0.0226070635508332,0.112020398390705,0.0506480117995352,0.000300225442154024,0,0,0.00327676865980435,0.797613217795274
"TCGA-CV-7261-01A",0.00607625462492479,0,0.0167682942716252,0.097848159137877,0.00468043699402722,0.00019437424594397,0,0.0133007371365698,0,0.861131743589032
"TCGA-CN-4736-01A",0.000107575240539133,0,0.012827431895109,0.110369049947033,0.0437627477158311,0.000259025787359179,0.148439754857091,0,0,0.684234414557037
"TCGA-CR-7404-01A",0.0104543108564185,0.00407681688939785,0.0236335874789648,0.0304986791398104,0.0126364395407528,0.00059129395740716,0.000109589003941497,0,0,0.917999283133307
"TCGA-UF-A719-01A",0.000604262799319212,0.000145383528835748,0.0103565284147279,0.00235659358651335,0,0,0.000119672512373304,0.0143411970301084,0,0.972076362128122
"TCGA-CV-7236-01A",0.000451909088201426,0,0.0234491170444304,0.0943410757396531,0.00718309646221838,3.25816739315565e-05,0,0.00283614999710903,0,0.871706069994456
"TCGA-CV-6951-01A",0,0,0.0050543370828459,0.00816539665120576,0,0.000269413857810323,0.0172839733967895,0.0022349620115115,0,0.966991916999837
"TCGA-CN-4728-01A",0.00287193884615668,0,0.0089328680856132,0.281689093467014,0.154944026030117,0.000579210751940278,0.0369484778063361,0,0,0.514034385012823
"TCGA-CV-7090-01A",0,0.000891417373370067,0.0140599467467739,0.133363066970739,0.029956978611999,0.000201834365672303,0,0,0,0.821526755931446
"TCGA-CV-5979-01A",0,0,0.00482589335682182,0.0193565587416565,0,1.71439928701371e-05,0.00147588767178756,0,0,0.974324516236864
"TCGA-CQ-7069-01A",0,0.0008046783057384,0.0173988274970981,0.028135512997471,0.00312325490692992,0.0002904622387472,0,0,0,0.950247264054015
"TCGA-CN-4733-01A",0.0307597176029814,0,0.0196791946164969,0.146977764054455,0.153902155819366,0.00104802572823114,0.0270710308979104,0,0,0.62056211128056
"TCGA-CR-7390-01A",0.0001859850116418,4.77282878416579e-05,0.00662382980120049,0.0684994733897119,0.00144086929632204,8.96309960386773e-05,0.000217459165623351,0,0,0.92289502405162
"TCGA-CV-A45X-01A",1.48218097120072e-05,0,0.0076434304728446,0,0.0012644531399355,2.18735906399473e-05,1.39532225705633e-05,0,0,0.991041467764297
"TCGA-IQ-A6SH-01A",0.00112090930910277,0,0.00845718118339143,0.0105811859164016,0,9.48083352993228e-05,0,0,0,0.979745915255805
"TCGA-CV-6962-11A",0.0012706520439068,0,0.0149118115287179,0.0281083446233366,0,0.000250316924314505,4.97626891845058e-05,0.0117413042470822,0,0.943667807943458
"TCGA-CV-6960-11A",0,0,0.0141777253160478,0.016167906974114,0,0.0003078525881104,7.56275915378626e-05,0,0,0.96927088753019
"TCGA-CV-A464-01A",0,0,0.0231071532676127,0.128179419131111,0.00301221910550403,0.000165675131883043,0.0743352223026403,0,0,0.771200311061249
"TCGA-C9-A47Z-01A",3.29339015261494e-06,9.68363844934076e-06,0.00388911296489131,0.00317214991402431,0.00010718438262905,1.28959531586685e-05,0.00214284214673392,0,0,0.990662837609961
"TCGA-CN-6010-01A",0.00918406293363969,0.00110795139749547,0.0179001554245704,0.0400463911080611,0.0044260810785358,0.000554321349340868,0.000438034973228444,0.0557602588094786,0,0.87058274292565
"TCGA-WA-A7GZ-11A",0,0,0.0179527753499704,0.0594212245044417,0.00116212118586852,0,0.805628566501775,0.000491901554150192,0,0.115343410903794
"TCGA-CV-7235-01A",0,0,0.0203210170595532,0.192908690926651,0.0257059283551818,0.000273064602053528,0,0,0,0.76079129905656
"TCGA-CX-7086-01A",0.00180501160114653,0.000457830726203418,0.0102805496653285,0,0.00167423772046715,2.26801756618189e-05,0.000216862377909771,0.00166873016649381,0,0.983874097566789
"TCGA-CV-6935-11A",0.000232398570180754,0,0.0193649027233725,0.0440636066478087,0.00282788552476905,0.000278073914650304,2.46682293637085e-05,0.0758087165810606,0,0.857399747808794
"TCGA-P3-A6SW-01A",0.033139033158818,0.000525093633205965,0.0268528284550748,0.0815040893241955,0.0265854707700205,0.00108477840554359,0,0,0.00286870386858166,0.82744000238456
"TCGA-HD-A6HZ-01A",0.0124891015886876,0.00177174890386541,0.0243676781288448,0.0730863457767305,0.020537385859346,0.000263689266618333,0.0573404390599512,0,0,0.810143611415956
